question,answer,answer_relevancy,faithfulness
1급 감염병의 발생으로 인하여 항공사가 불가피하게 예약된 탑승권을 모두 취소하였다. 이 때 해당 항공사는 탑승 예정이던 승객들에게 변상을 할 의무가 있는가?,"1급 감염병의 발생으로 인해 항공사가 예약된 탑승권을 모두 취소한 경우, 해당 항공사는 승객들에게 변상을 할 의무가 있습니다. 

주어진 문서에 따르면, 감염병 발생으로 인해 항공사가 계약내용 변경 또는 계약해제를 요청한 경우, 다음과 같은 규정이 적용됩니다:

- 계약해제 시 취소수수료 없이 항공운임 전액 환급이 이루어집니다.

따라서, 항공사가 불가피하게 예약된 탑승권을 취소한 경우, 승객들은 항공운임의 전액을 환급받을 수 있습니다.",0.847908375038505,0.5
2025년 05월 부터 냉장고 대여를 개시하였다. 하지만 실제 요금 청구는 2025년 04월 부터 청구되었다. 이 때 소비자는 04월에 청구된 요금을 반환받을 수 있는가?,"소비자는 2025년 04월에 청구된 요금을 반환받을 수 있습니다. 계약에 따라 대여 서비스가 2025년 05월부터 시작되었으므로, 04월에 청구된 요금은 부당한 청구로 간주될 수 있습니다. 소비자는 이러한 부당한 요금에 대해 반환을 요구할 수 있으며, 사업자는 이를 환급해야 할 의무가 있습니다. 

이와 관련하여 소비자는 계약서나 약관에 명시된 내용을 확인하고, 필요시 사업자에게 환급 요청을 할 수 있습니다.",0.8626959136767377,0.4285714285714285
PT(개인트레이닝) 10회권 구매 후 담당 트레이너가 자격 정지로 배정 불가합니다. 동일 수준 대체 또는 환불 기준은 무엇인가요?,"주어진 상황에서 PT(개인 트레이닝) 10회권을 구매한 후 담당 트레이너가 자격 정지로 인해 배정이 불가능한 경우, 소비자는 다음과 같은 기준에 따라 대체 또는 환불을 요청할 수 있습니다.

1. **대체 트레이너 배정**: 동일 수준의 대체 트레이너가 배정될 수 있는 경우, 사업자는 소비자에게 대체 트레이너를 제공해야 합니다. 이 경우, 소비자는 대체 트레이너와의 수업을 받을 수 있습니다.

2. **환불 기준**: 만약 대체 트레이너 배정이 불가능하거나 소비자가 대체 트레이너를 원하지 않는 경우, 환불이 가능합니다. 환불 금액은 소비자가 이미 사용한 수업 횟수에 따라 계산되어야 하며, 사용하지 않은 수업에 대한 금액이 환급됩니다. 

   - 예를 들어, 10회권 중 3회를 사용했다면, 7회에 해당하는 금액이 환급될 수 있습니다.

이와 같은 경우는 소비자 보호법 및 관련 법령에 따라 소비자의 권리가 보호되므로, 사업자는 적절한 조치를 취해야 합니다. 추가적인 법률적 조언이 필요할 경우, 관련 법령을 참조하여 구체적인 내용을 확인하는 것이 좋습니다.",0.8395030352855182,0.9090909090909092
"가구 배송 시 제품 일부 부속품이 누락되어 사용이 불가능한 경우, 환불이나 보상이 가능한가요?","가구 배송 시 제품 일부 부속품이 누락되어 사용이 불가능한 경우, 소비자는 환불이나 보상을 요청할 수 있습니다. 이 경우, 사업자는 품질보증기간 이내에 정상적인 사용 상태에서 발생한 하자로 간주될 수 있으며, 다음과 같은 조치를 취해야 합니다:

1. **제품 교환**: 누락된 부속품을 포함한 전체 제품을 교환할 수 있습니다.
2. **구입가 환급**: 제품이 사용 불가능한 상태라면, 구입가를 환급받을 수 있습니다.

또한, 만약 사업자가 부품을 보유하고 있지 않거나 수리할 수 없는 경우, 소비자는 구입가에서 정액 감가상각비를 공제한 후 환급받을 수 있습니다. 이 경우, 감가상각 방법은 정액법을 적용하여 계산됩니다.

따라서, 누락된 부속품으로 인해 사용이 불가능한 경우에는 환불이나 보상이 가능하니, 사업자에게 즉시 연락하여 문제를 해결하는 것이 좋습니다.",0.8273347305668359,0.7777777777777778
가맹 피트니스 센터가 폐업하여 이용 불가합니다. 선불권 잔여분 환불과 보증보험 청구 기준은 무엇인가요?,"가맹 피트니스 센터가 폐업하여 이용이 불가능한 경우, 소비자는 선불권 잔여분에 대한 환불을 요청할 수 있습니다. 이와 관련하여 다음과 같은 기준이 적용됩니다.

1. **선불권 잔여분 환불**: 피트니스 센터가 폐업한 경우, 소비자는 계약에 따라 남은 이용권에 대한 환급을 받을 수 있습니다. 소비자는 계약서에 명시된 환급 조건에 따라 환급을 요청할 수 있으며, 일반적으로 사업자의 귀책사유로 인한 계약 해지로 간주되므로, 소비자는 전액 환급을 받을 수 있는 권리가 있습니다.

2. **보증보험 청구 기준**: 피트니스 센터가 폐업한 경우, 소비자는 보증보험을 통해 잔여 이용권에 대한 환급을 청구할 수 있습니다. 보증보험은 소비자가 선불로 지불한 금액을 보호하기 위한 제도로, 사업자가 폐업할 경우 소비자는 보증보험사에 청구하여 환급을 받을 수 있습니다. 이 경우, 소비자는 보증보험의 약관에 따라 필요한 서류를 제출해야 하며, 보증보험사에 직접 문의하여 구체적인 청구 절차를 확인하는 것이 좋습니다.

이와 관련된 법령으로는 '소비자기본법' 및 '방문판매 등에 관한 법률'이 있으며, 소비자는 이러한 법령에 따라 권리를 주장할 수 있습니다.",0.8077073572385564,0.5833333333333334
가을 캠핑장 예약 후 사업자의 일방적 사정으로 2일 전 취소 통보를 받았습니다. 위약금 및 대체 제공 기준은 어떻게 되나요?,"가을 캠핑장 예약 후 사업자의 일방적 사정으로 2일 전 취소 통보를 받은 경우, 사업자의 귀책사유로 인한 계약해제에 해당합니다. 이 경우, 다음과 같은 기준이 적용됩니다:

1. **계약금 환급**: 계약금은 전액 환급됩니다.
2. **총요금의 10% 배상**: 총요금의 10%에 해당하는 금액이 배상됩니다.

따라서, 사업자가 계약을 해제한 경우에는 계약금이 전액 환급되고, 총요금의 10%가 추가로 배상받게 됩니다.",0.8481782508551629,0.0
가입당시 중요사실 미고지한 사실이 확인된 이동통신사에 대해서 가입에 대해서 가입 해지를 요구 할 때 위약금이 발생하나요?,"가입 당시 중요 사실이 미고지된 경우, 소비자는 이동통신 서비스 계약 해지를 요구할 수 있으며, 이 경우 위약금이 발생하지 않을 수 있습니다. 

제시된 사례에 따르면, 신청인은 이동통신사와의 계약 체결 시 피신청인이 중요 사실을 고지하지 않았다고 주장하며 계약 해지 및 손해배상을 요구하였습니다. 이와 같은 경우, 소비자는 계약의 해지에 따른 위약금이 없음을 인정받을 수 있습니다. 

따라서, 가입 당시 중요 사실이 미고지된 경우에는 위약금이 발생하지 않을 가능성이 높습니다. 다만, 구체적인 상황에 따라 다를 수 있으므로, 계약서의 내용과 관련 법률을 검토하는 것이 중요합니다.",0.0,0.7142857142857143
가전제품 렌탈 계약에 제품 관리 조항까지 있었음에도 불구하구 렌탈업체의 제품관리 부실 이행으로 계약 해지 하는데 위약금 면제가 되나요?,"가전제품 렌탈 계약에서 제품 관리 조항이 포함되어 있고, 렌탈업체의 제품 관리 부실로 인해 계약을 해지하는 경우, 위약금 면제가 가능합니다. 

제11조(계약의 해지) 가항에 따르면, 상품의 하자보수 불이행 또는 관리의무 해태 등 회사의 귀책사유가 있는 경우 고객은 상당한 기간을 정하여 이행을 최고하고, 회사가 이행하지 않을 경우 위약금을 부담하지 않고 계약을 해지할 수 있습니다. 따라서, 렌탈업체의 관리 부실이 고객의 계약 해지 사유가 된다면 위약금 면제가 가능하다고 볼 수 있습니다. 

이와 관련된 구체적인 사례가 필요하시면 말씀해 주세요.",0.0,0.8333333333333334
"개인 사업장에 인터넷통신망과 자동결제시스템을 설치하였다. 하지만 인터넷통신망 마비로 인하여, 8시간동안 영업을 하지 못하였다. 이 때 소비자는 손해배상을 신청할 수 있는가?","주어진 상황에서 소비자는 손해배상을 신청할 수 있습니다. 

인터넷통신망의 마비로 인해 8시간 동안 영업을 하지 못한 경우, 이는 서비스 중지 또는 장애로 인한 피해에 해당합니다. 만약 사전 고지가 없었다면, 소비자는 손해배상을 청구할 수 있는 권리가 있습니다. 

손해배상액은 서비스 중지 또는 장애 시간에 대해 최근 3개월(3개월 미만인 경우 해당 기간)의 1일 평균요금을 24로 나눈 요금에 서비스 제공 중지 또는 장애 시간을 곱하여 산출한 금액의 10배로 계산됩니다. 

따라서, 소비자는 손해배상을 신청할 수 있으며, 구체적인 금액은 위의 계산 방법에 따라 산출해야 합니다.",0.8312042250800706,1.0
"개인 카페 맴버쉽 등록 시 개인정보를 입력하였는데, 해당 개인정보가 등록 카페 외에 다른 곳에 동의없이 공유되었을 때, 손해배상 요구가 가능한가요?","개인 카페 맴버쉽 등록 시 입력한 개인정보가 등록 카페 외에 다른 곳에 동의 없이 공유되었다면, 손해배상 요구가 가능합니다. 이는 개인정보 보호법에 따라 개인정보는 정보주체의 동의가 있거나 수집 목적 범위 내에서만 제3자에게 제공될 수 있기 때문입니다.

제시된 사례에서도 신청인의 개인정보가 동의 없이 다른 가맹점에 공유되어 정신적 피해를 입었다고 판단되어 손해배상이 이루어진 바 있습니다. 따라서, 귀하의 경우에도 개인정보가 무단으로 공유되어 피해를 입었다면, 해당 카페에 대해 손해배상을 요구할 수 있습니다. 

이때, 손해배상 요구는 개인정보 보호법 제39조에 따라 정신적 피해에 대한 위자료 청구로 진행될 수 있습니다.",0.8750308579023457,0.6666666666666666
개인의 신용카드 발급 후 수령과정에서 착오 배송이 발생하여 부정 사용이 감지되었다. 이 때 카드 명의자는 해당 부정 사용금액을 지급해야할 의무가 있는가?,"신용카드 발급 후 수령 과정에서 착오 배송이 발생하여 부정 사용이 감지된 경우, 카드 명의자는 해당 부정 사용금액을 지급할 의무가 없습니다. 

제시된 문서에 따르면, 발급카드 수령 전 제3자에게 전달되어 부정 사용된 경우에는 전액 보상이 이루어지기 때문입니다. 따라서 카드가 명의자에게 전달되기 전에 제3자에게 전달되어 부정 사용된 경우, 카드 명의자는 해당 부정 사용금액에 대해 책임을 지지 않습니다. 

이와 관련하여 추가적인 법률적 조언이 필요하다면, '민법', '소비자보호법', '전자상거래법'의 문서를 참조하시기 바랍니다.",0.8524065309726229,0.5
건설업체의 귀책으로 신축 아파트 입주지정일을 경과하여 공사가 완료되었다. 위와 같은 사유로 해당 아파트 입주자들이 입주지정일로부터 2주 후에 입주를 하였다. 이 때 입주자들은 건설업체에게 지체로 발생한 손해에 대해서 배상을 청구할 수 있는가?,"네, 입주자들은 건설업체에게 지체로 발생한 손해에 대해 배상을 청구할 수 있습니다. 주택건설업체가 입주지정일을 경과하여 공사를 완료한 경우, 입주자들은 지체상금을 청구할 수 있으며, 이는 계약서에 명시된 지체상금액 계산 방식에 따라 이루어집니다.

지체상금액은 다음과 같이 계산됩니다:
\[ \text{지체상금액} = \left( \text{계약금} + \text{중도금} \right) \times \text{연체이율} \times \frac{\text{입주지연일수}}{365} \]

따라서, 입주자들은 입주지정일로부터 2주 후에 입주한 경우, 해당 지연일수에 대한 손해를 입증하여 배상을 청구할 수 있습니다.",0.8272249516313179,0.6
"결혼정보업체 가입 후 약속된 횟수의 소개가 제공되지 않았을 경우, 잔여 횟수에 대한 환불을 요구할 수 있나요?","결혼정보업체에 가입한 후 약속된 횟수의 소개가 제공되지 않은 경우, 소비자는 잔여 횟수에 대한 환불을 요구할 수 있습니다. 

구체적으로, 계약서에 명시된 소개 횟수가 제공되지 않았을 경우, 소비자는 계약 해지를 요청할 수 있으며, 이 경우 가입비의 일부를 환급받을 수 있습니다. 만약 1회 이상의 소개가 이루어지지 않았다면, 가입비의 20%에 해당하는 금액을 배상받을 수 있습니다. 

따라서, 약속된 횟수의 소개가 제공되지 않았다면, 잔여 횟수에 대한 환불을 요구할 수 있는 권리가 있습니다.",0.8537438816411194,1.0
"결혼중개서비스 상품을 가입했는데, 가입 당시 사전에 종교인 배재 요청을 하였으나 실제 만남을 가진 사람 모두 종교인이였을 때, 환불이 가능한가요?","결혼중개서비스 상품에 가입하면서 종교인 배재 요청을 하였으나, 실제 만남을 가진 상대가 모두 종교인인 경우, 환불이 가능합니다. 

이 경우, 피신청인이 중요사항인 종교에 대한 요청을 이행하지 않았으므로, 소비자는 계약 해지를 요구할 수 있습니다. 계약 해지 시에는 만남 횟수에 따라 환급 비율이 달라지며, 만약 4회 만남 중 1회만 조건에 부합하는 상대와 만났다면, 1회 비용을 공제하고 나머지 3회에 대한 비용 환급을 요구할 수 있습니다.

따라서, 소비자는 계약 해지를 통해 환불을 요청할 수 있으며, 구체적인 환급 금액은 계약 조건에 따라 계산될 것입니다.",0.832922796887367,0.875
고속열차가 사업자의 귀책으로 도착시간보다 25분 지연되어서 목적지에 도착하였다. 이 때 소비자는 열차 금액의 일부를 환급받을 수 있는가?,"고속열차가 사업자의 귀책으로 인해 25분 지연된 경우, 소비자는 열차 요금의 일부를 환급받을 수 있습니다. 구체적으로, 고속열차의 경우 20분 이상 40분 미만 지연 시 환급 금액은 25%입니다. 따라서 소비자는 열차 요금의 25%를 환급받을 수 있습니다. 환급은 승차일로부터 1년 이내에 신청해야 하며, 환급 금액은 승차권에 표시된 운임을 기준으로 계산됩니다.",0.8370696531228097,0.8
"고함량 카페인 음로료 섭취 후 급성 카페인 중독으로 인한 응급실 내원을 하였는데, 치료비에 대해서 손해배상 요구가 가능한가요?","고함량 카페인 음료를 섭취한 후 급성 카페인 중독으로 응급실에 내원한 경우, 손해배상 요구가 가능할 수 있습니다. 그러나 손해배상의 가능성은 여러 요인에 따라 달라질 수 있습니다.

1. **인과관계 입증**: 손해배상을 요구하기 위해서는 해당 음료와 급성 카페인 중독 간의 인과관계를 입증해야 합니다. 즉, 음료 섭취가 급성 카페인 중독의 직접적인 원인임을 증명해야 합니다.

2. **의료 기록**: 진료기록에서 급성 카페인 중독 진단이 내려졌고, 해당 음료가 원인으로 지목되었다면 손해배상의 가능성이 높아질 수 있습니다. 그러나 진료기록에서 ""이 사건 제품과 간수치 이상의 인과관계 역시 단정 지을 수 없다""는 내용이 있다면, 인과관계 입증이 어려울 수 있습니다.

3. **소비자 보호법**: 소비자 보호법에 따라 제품의 안전성에 문제가 있을 경우, 제조사에 대한 손해배상이 가능할 수 있습니다. 그러나 이 경우에도 제품의 결함이나 안전성 문제를 입증해야 합니다.

4. **조정 사례**: 유사한 사례로, 음료 섭취 후 부작용이 발생하여 손해배상을 요구한 경우, 피신청인이 일정 금액을 지급하라는 결정이 내려진 사례가 있습니다. 이 사례는 인과관계가 인정된 경우로, 귀하의 상황과 유사한 점이 있을 수 있습니다.

결론적으로, 손해배상 요구가 가능할 수 있으나, 인과관계 입증과 관련된 여러 요인을 고려해야 합니다. 추가적인 법률적 조언이 필요할 경우, 변호사와 상담하는 것이 좋습니다.",0.0,0.9230769230769232
골프장 예약 후 우천으로 라운드 중단 시 이용료 정산 및 재라운드 기준은 어떻게 되나요?,"골프장 예약 후 우천으로 인해 라운드가 중단된 경우, 이용료 정산은 다음과 같은 기준에 따라 이루어집니다:

1. **불가항력적 사유로 인한 경기 중단**: 강설, 폭우, 안개 등으로 인해 입장절차를 마친 이용자팀 전원이 경기를 마치지 못한 경우, 다음과 같은 환급 기준이 적용됩니다.
   - 1번째 홀까지 경기를 마치지 못한 경우: 기본요금을 제외한 이용요금 전액을 환급받습니다.
   - 2번째 홀 이후: 이용요금에서 기본요금을 제외한 금액에 대해, 이미 이용한 홀 수에 따라 환급액이 조정됩니다. 즉, (이용요금 - 기본요금) × {1 - (기 이용한 홀 수 / 전체 홀 수)}의 방식으로 계산됩니다.

2. **재라운드 기준**: 우천으로 인해 라운드가 중단된 경우, 재라운드에 대한 구체적인 기준은 명시되어 있지 않으나, 일반적으로 골프장 측과의 협의를 통해 결정될 수 있습니다. 따라서, 해당 골프장에 직접 문의하여 재라운드 가능 여부 및 조건을 확인하는 것이 좋습니다.

이와 같은 기준에 따라 이용료 정산이 이루어지므로, 상황에 따라 골프장과의 협의가 필요할 수 있습니다.",0.0,0.6
"공연 티켓을 예매했으나 주최 측 사정으로 일정이 변경되어 참석이 불가능할 경우, 예매 수수료를 포함한 전액 환불이 가능한가요?","공연 티켓의 일정이 주최 측 사정으로 변경된 경우, 소비자는 입장료의 환급을 요구할 수 있습니다. 주최 측의 귀책사유로 공연이 취소되거나 일정이 변경된 경우에는 입장료 전액 환급이 가능하며, 이 경우 예매 수수료도 포함됩니다. 따라서, 예매 수수료를 포함한 전액 환불이 가능합니다.",0.8484358416020478,0.5
공연업자의 귀책사유로 공연이 취소되었다. 관객은 입장료를 환급 받을 수 있는가?,"공연업자의 귀책사유로 공연이 취소된 경우, 관객은 입장료를 환급받을 수 있습니다. 이 경우, 입장료는 전액 환급되며, 추가로 입장료의 10%에 해당하는 금액이 배상됩니다. 따라서 관객은 입장료와 배상금을 포함한 금액을 환급받을 수 있습니다.",0.8233321011036958,0.75
교체한 자동차 타이어에서 누수현상이 발견되었다. 이 때 받을 수 있는 조치는?,"교체한 자동차 타이어에서 누수현상이 발견된 경우, 다음과 같은 조치를 받을 수 있습니다:

1. **제품 교환**: 타이어의 누수 원인이 제조상의 결함으로 인한 경우, 제품 교환이 가능합니다.

2. **환급**: 만약 교환이 불가능한 경우, 환급을 요청할 수 있습니다. 이때 환급 금액은 구입가에서 마모율을 고려하여 산정됩니다. 마모율이 10% 이상 80% 미만인 경우 환급이 가능하며, 마모율이 80% 이상인 경우에는 환급이 제외됩니다.

3. **보상 제외 사항**: 다음과 같은 경우에는 보상이 제외될 수 있습니다:
   - 마모율이 80% 이상인 경우
   - 수리된 제품
   - 구입일로부터 3년 이상 경과한 제품 (증빙서 없는 경우 제조일 기준)
   - 부당한 목적을 가지고 타이어를 수집하여 보상청구를 한 경우

따라서, 누수현상이 발생한 타이어의 상태와 구입일 등을 고려하여 적절한 조치를 취할 수 있습니다.",0.7857262501350535,1.0
구매 초기 발생한 불량에 대해서 수리를 진행했지만 동일한 문제가 반복되는 전자제품의 경우 환불 가능한가요?,"구매 초기 발생한 불량에 대해 수리를 진행했지만 동일한 문제가 반복되는 경우, 소비자는 제품 교환 또는 구입가 환급을 요청할 수 있습니다. 이 경우, 제품의 품질보증기간 이내라면 사업자는 무상수리를 제공해야 하며, 문제가 지속될 경우에는 환불이 가능합니다. 환불 시에는 정액감가상각한 금액에 10%를 가산하여 환급할 수 있습니다. 따라서, 해당 전자제품의 환불이 가능합니다.",0.8388130773715249,0.5
구매한 강아지 사료가 중량미달로 확인되었다. 소비자는 해당 사료를 구입가 환급을 받을 수 있는가?,"구매한 강아지 사료가 중량미달로 확인된 경우, 소비자는 해당 사료에 대해 구입가 환급을 받을 수 있습니다. 이는 '동물사료분쟁 해결 기준'에 따라 중량부족에 대한 경우 제품교환 또는 구입가 환급이 가능하다고 명시되어 있기 때문입니다. 따라서 소비자는 사료의 중량미달을 입증하면 구입가 환급을 요구할 수 있습니다.",0.8070784830265008,0.6666666666666666
구매한 시멘트로 화장실 벽 시공을 하였다. 하지만 시멘트 불량으로 벽에 균열 현상이 발견되었다. 이 때 소비자는 어떤 조치를 받을 수 있는가?,"구매한 시멘트로 화장실 벽 시공 후 균열 현상이 발견된 경우, 소비자는 다음과 같은 조치를 받을 수 있습니다.

1. **품질불량에 대한 조치**: 시공 전 시멘트의 품질이 불량하여 발생한 문제라면, 소비자는 교환이나 환급을 요청할 수 있습니다.

2. **시공 후 하자에 대한 조치**: 시공 후 균열이 발생한 경우, 소비자는 수리나 배상을 요구할 수 있습니다. 이 경우 하자담보책임기간 내에 해당 문제가 발생해야 하며, 하자담보책임기간이 지난 경우에는 유상수리가 적용될 수 있습니다.

따라서, 소비자는 시공 후 발생한 균열에 대해 수리 및 배상을 요구할 수 있으며, 시공 전 품질불량이 확인될 경우 교환이나 환급을 요청할 수 있습니다.",0.814651232090327,0.8571428571428571
구매한 신발의 박음질 불량으로 인한 교환접수 가능한가요?,"구매한 신발의 박음질 불량은 품질상 하자로 간주될 수 있습니다. 따라서, 해당 제품이 품질보증기간 이내에 구입되었다면, 무상수리, 교환 또는 환급이 가능합니다. 교환을 원하신다면, 제품의 상태와 구입 후 기간에 따라 교환 절차를 진행하실 수 있습니다. 구입 후 7일 이내에 미착용 상태라면 교환 또는 환급이 가능하니, 해당 조건을 확인하시기 바랍니다.",0.7956229018074925,0.8
구매한 어망의 봉제불량으로 인하여 손가락이 베여 응급실을 방문하였다. 이 때 소비자는 구매자로 부터 피해보상을 받을 수 있는가?,"구매한 어망의 봉제불량으로 인해 손가락이 베여 응급실을 방문한 경우, 소비자는 피해보상을 받을 수 있습니다. 이 경우, 제품의 하자가 소비자에게 상해를 초래한 것으로 판단되기 때문입니다.

「소비자보호법」 및 「민법」에 따르면, 제품의 하자로 인해 소비자가 상해를 입은 경우, 소비자는 다음과 같은 보상을 요구할 수 있습니다:

1. **제품 교환 또는 구입가 환급**: 제품의 하자로 인해 발생한 피해에 대해 소비자는 제품을 교환하거나 구입가를 환급받을 수 있습니다.
2. **정액감가상각한 금액에 10% 가산하여 환급**: 만약 제품이 사용된 경우, 정액감가상각한 금액에 10%를 가산하여 환급받을 수 있습니다.
3. **치료비 및 경비 배상**: 상해로 인해 발생한 치료비, 경비 및 일실소득에 대한 배상을 요구할 수 있습니다.

따라서, 소비자는 판매자에게 피해보상을 요구할 수 있으며, 구체적인 보상 내용은 상황에 따라 달라질 수 있습니다.",0.8266512555983953,0.75
구매한 의류의 봉제불량 문제로 무상수리를 받았지만 동일한 문제가 발생되었다. 이 때 소비자는 새 제품으로 교환받을 수 있는가?,"구매한 의류의 봉제불량 문제로 무상수리를 받았지만 동일한 문제가 발생한 경우, 소비자는 새 제품으로 교환받을 수 있습니다. 

문서에 따르면, 봉제불량의 경우에는 다음과 같은 보상 순서가 있습니다: ① 무상수리 → ② 교환 → ③ 환급. 따라서, 무상수리를 받은 후에도 동일한 문제가 발생한다면, 소비자는 교환을 요청할 수 있으며, 교환은 동일가격, 동일제품으로 이루어져야 합니다. 

이 경우, 소비자는 교환을 요청할 수 있는 권리가 있으며, 교환 요청 시 제품에 손상이 없어야 하고, 구입 후 7일 이내에 이루어져야 합니다.",0.8403681884805513,0.875
구매한 카메라의 버튼 문제로 품질 보증기간 내에 2회 이상의 수리를 받았다. 그러나 동일 제품에서 동일 문제가 또 반복된다면 소비자가 받을 수 있는 조치는?,"구매한 카메라의 버튼 문제로 품질 보증기간 내에 2회 이상의 수리를 받았으나 동일 문제가 반복되는 경우, 소비자는 제품 교환 또는 구입가 환급을 받을 수 있습니다. 이는 품질 보증기간 내에 동일 하자에 대해 2회 수리하였으나 하자가 재발하는 경우에 해당합니다. 따라서 소비자는 해당 조치를 요구할 수 있습니다.",0.8939166678063856,0.75
구매한지 1주일이 된 휴대폰에서 기능상 중요한 하자가 발견되었다. 이 때  구매자가 받을 수 있는 조치는?,"구매한지 1주일 이내에 휴대폰에서 기능상 중요한 하자가 발견된 경우, 소비자는 다음과 같은 조치를 받을 수 있습니다:

1. **제품 교환**: 하자가 발생한 제품을 동일한 제품으로 교환받을 수 있습니다.
2. **구입가 환급**: 제품 교환이 불가능한 경우, 구입한 가격을 환급받을 수 있습니다.

따라서, 구매자는 해당 하자를 문제 삼아 교환 또는 환급을 요구할 수 있습니다.",0.8373258585500986,1.0
구입 후 3일이 경과 된 커피머신의 누수로 인한 청약철회 요구 가능한가요?,"구입 후 3일이 경과한 커피머신의 누수로 인한 청약철회 요구는 가능합니다. 해당 사례에서 신청인은 커피머신을 구입한 후 3일 이내에 하자가 발생하였고, 이는 정상적인 사용 상태에서 발생한 성능상의 하자로 간주됩니다. 따라서, 소비자는 청약철회 및 구입대금 환급을 요구할 수 있습니다. 

또한, 하자가 발생한 경우에는 품질보증기간 내에 수리 요청이 가능하며, 수리가 불가능한 경우에는 제품 교환 또는 구입가 환급이 이루어져야 합니다. 이와 같은 기준에 따라 청약철회 요구가 정당하다고 판단됩니다.",0.8592729017078957,0.8571428571428571
구입 후 일주일 경과된 전자담배에서 액상 누수현상이 발견되었다. 이 때 받을 수 있는 조치는?,"구입 후 일주일이 경과된 전자담배에서 액상 누수현상이 발견된 경우, 이는 정상적인 사용상태에서 발생한 성능·기능상의 하자로 간주됩니다. 따라서 소비자는 다음과 같은 조치를 받을 수 있습니다:

1. **제품 교환**: 하자가 발생한 제품을 동일한 제품으로 교환받을 수 있습니다.
2. **구입가 환급**: 제품 교환이 불가능한 경우, 구입가를 환급받을 수 있습니다.

이 경우, 하자가 발생한 후 1개월 이내에 문제를 제기했으므로, 소비자는 위의 조치를 요구할 수 있습니다.",0.8214052587528005,1.0
구입한 골프채에서 미세한 손상이 발견되었다. 이 때 소비자가 받을 수 있는 조치는?,"구입한 골프채에서 미세한 손상이 발견된 경우, 소비자는 다음과 같은 조치를 받을 수 있습니다:

1. **제품 교환**: 구입 후 3개월 이내에 발생한 손상이라면, 제품 교환이 가능합니다.
2. **구입가 환급**: 만약 제품 교환이 불가능한 경우, 구입가 환급을 요청할 수 있습니다.

이 경우, 손상이 발생한 시점이 구입 후 3개월 이내인지 확인하는 것이 중요합니다. 만약 손상이 구입 후 3개월이 지난 경우에는 다른 조치가 필요할 수 있습니다.",0.8553477806491822,1.0
구입한 모니터가 배송과정 중 손상이 되었다. 이 때 소비자가 받을 수 있는 조치는?,"구입한 모니터가 배송 과정 중 손상이 발생한 경우, 소비자는 다음과 같은 조치를 취할 수 있습니다:

1. **제품 교환 요청**: 소비자는 손상된 모니터에 대해 교환을 요구할 수 있습니다. 이는 배송 과정에서 발생한 손상으로 인해 소비자가 받은 제품이 정상적인 상태가 아니기 때문입니다.

2. **전문 운송기관에 위탁한 경우**: 만약 제품이 전문 운송기관에 의해 배송되었다면, 판매자는 운송사에 대해 구상권을 행사할 수 있습니다. 이 경우 소비자는 판매자에게 교환을 요구하고, 판매자는 운송사에 손해배상을 청구할 수 있습니다.

따라서 소비자는 판매자에게 손상된 모니터의 교환을 요구하는 것이 적절한 조치입니다.",0.8956103875882181,0.75
구입한 시계가 구입 후 10일 이내에 정상적인 사용상태에서 더 이상 작동하지 않는다. 이 때 소비자가 받을 수 있는 조치는?,"구입한 시계가 구입 후 10일 이내에 정상적인 사용상태에서 더 이상 작동하지 않는 경우, 소비자는 다음과 같은 조치를 받을 수 있습니다:

1. **제품 교환**: 시계의 성능이나 기능에 하자가 발생하여 중요한 수리를 요할 경우, 소비자는 동일한 제품으로 교환을 요청할 수 있습니다.
   
2. **구입가 환급**: 만약 제품 교환이 불가능한 경우, 소비자는 구입가를 환급받을 수 있습니다.

이러한 조치는 「소비자분쟁해결기준」에 따라 규정된 내용으로, 소비자는 정상적인 사용상태에서 발생한 하자에 대해 적절한 보상을 받을 권리가 있습니다.",0.8882565980539994,1.0
국내 패키지 여행 예약 후 소비자가 여행개시일 7일 전 계약 해지를 통보하였다. 이 때 소비자는 선지급한 금액을 전액 환급 받을 수 있는가?,"소비자가 국내 패키지 여행 예약 후 여행개시일 7일 전 계약 해지를 통보한 경우, 여행사는 계약조건에 따라 소비자에게 전액 환급을 해야 합니다. 주어진 문서에 따르면, 여행개시 5일 전까지 계약조건 변경 통보 시에는 계약금 환급이 이루어지며, 여행개시일 7일 전의 해지는 이 조건을 충족하므로 소비자는 선지급한 금액을 전액 환급 받을 수 있습니다.",0.8646368630912938,0.25
국제특송 수수료가 결제 후 추가로 부과되었습니다. 사전 고지 없는 추가 비용 청구 시 환불 기준은?,"국제특송 수수료가 결제 후 추가로 부과된 경우, 사전 고지 없이 추가 비용이 청구되었다면 소비자는 해당 추가 비용에 대해 환불을 요청할 수 있습니다. 

환불 기준은 다음과 같습니다:

1. **사전 고지 의무**: 사업자는 소비자에게 추가 비용이 발생할 경우 사전에 고지해야 할 의무가 있습니다. 이를 위반한 경우, 소비자는 추가 비용에 대한 환불을 요구할 수 있습니다.

2. **환불 요청**: 소비자는 추가 비용이 부과된 이유와 관련된 정보를 요청할 수 있으며, 사업자는 이를 명확히 설명해야 합니다. 만약 설명이 불충분하거나 정당한 이유가 없다면, 소비자는 환불을 요구할 수 있습니다.

3. **법적 근거**: 소비자보호법 및 전자상거래법에 따라 소비자는 계약 체결 시 제공된 정보와 다르게 추가 비용이 발생한 경우, 이를 근거로 환불을 요청할 수 있습니다.

따라서, 사전 고지 없이 추가 비용이 청구된 경우에는 환불을 요청할 수 있는 정당한 사유가 존재합니다.",0.831236878817557,0.0
금반지를 구매했는데 기존에 안내된 중량보다 미달되어 분쟁이 생겼을 때 분쟁 해결기준은?,"금반지의 중량이 안내된 것보다 미달된 경우, 소비자분쟁 해결기준에 따라 다음과 같은 절차를 따를 수 있습니다.

1. **무상수리**: 제품의 중량이 미달된 경우, 우선적으로 무상수리를 요청할 수 있습니다.
2. **교환**: 무상수리로 해결되지 않는 경우, 동일한 제품으로 교환을 요청할 수 있습니다.
3. **환급**: 교환이 불가능하거나 소비자가 원할 경우, 구입가에 대한 환급을 요청할 수 있습니다.

이러한 절차는 품질보증기간 이내에 해당하며, 소비자는 구입 후 7일 이내에 미사용 상태에서 교환 또는 환급을 요청할 수 있습니다. 

따라서, 금반지의 중량 문제로 인해 분쟁이 발생한 경우, 위의 기준에 따라 적절한 조치를 취할 수 있습니다.",0.7793485871050875,1.0
기업에서 새로운 스마트폰을 출시 하였다. 해당 스마트폰의 사후서비스를 위한 부품 보유기간은 얼마인가?,"제시된 문서에 따르면, 스마트폰의 사후서비스를 위한 부품 보유기간에 대한 구체적인 내용은 명시되어 있지 않습니다. 그러나 일반적으로 스마트폰의 경우, 제조사가 리퍼부품을 활용하여 수리한 경우, 수리한 날로부터 1년 이내에 소비자가 정상적으로 사용하는 과정에서 그 수리한 부분에 고장이 재발하면 무상으로 수리한다고 명시되어 있습니다. 

따라서, 스마트폰의 사후서비스를 위한 부품 보유기간은 최소 1년으로 해석할 수 있습니다. 추가적인 세부사항은 제조사나 판매자의 정책에 따라 다를 수 있으므로, 해당 기업의 공식 안내를 참고하는 것이 좋습니다.",0.0,0.8
"냉장고 구매 후 사용 중 1주일이 지나지 않아 온도조절기의 문제를 발견하였는데, 동일 새재품으로 교환가능한가요?","구입 후 10일 이내에 문제 제기된 정상적인 사용 상태에서 발생한 성능 또는 기능상의 하자에 해당하므로, 온도조절기의 문제는 중요한 수리를 요하는 경우로 볼 수 있습니다. 따라서, 해당 제품은 교환이 가능합니다. 

구입한 냉장고의 온도조절기 문제를 발견한 시점이 1주일 이내이므로, 동일 제품으로 교환 요청을 하실 수 있습니다.",0.8759859815485159,0.6
냉장고를 장기 대여 서비스를 신청 하였다. 하지만 최초계약보다 작은 냉장고 용량으로 신청되었다. 이 때 소비자는 해당 계약을 임의로 해제할 수 있는가?,"소비자는 계약 해제에 대한 권리가 있습니다. 장기물품대여서비스업의 경우, 사업자가 제공한 제품이 계약 내용과 다를 경우, 소비자는 계약을 해제할 수 있습니다. 특히, 제공된 냉장고의 용량이 최초 계약보다 작다면 이는 사업자의 서비스 지연 또는 허위·과장 권유에 해당할 수 있습니다.

따라서, 소비자는 계약을 해제하고 원상회복을 요구할 수 있으며, 이 경우 사용료 면제 등의 권리를 주장할 수 있습니다. 계약 해제 후 사업자가 원상회복을 이행하지 않을 경우, 추가적인 법적 조치를 취할 수 있습니다.",0.828192385314599,0.8333333333333334
다이어트 약 구매 및 섭취 후 어지러움과 구토가 발생했는데 환불 가능한가요?,"다이어트 약을 구매하고 섭취한 후 어지러움과 구토와 같은 부작용이 발생한 경우, 환불이 가능할 수 있습니다. 소비자보호법에 따르면, 제품의 품질이나 성능에 문제가 있을 경우 소비자는 환급을 요구할 수 있습니다. 특히, 부작용이 발생한 경우에는 치료비, 경비 및 일실소득에 대한 배상이 가능하므로, 해당 제품의 환급을 요구할 수 있는 근거가 됩니다.

또한, 다이어트 프로그램의 경우, 계약서에 명시된 환급 관련 약관에 따라 환급이 이루어질 수 있습니다. 예를 들어, 계약서에 부작용 발생 시 환급 조건이 명시되어 있다면, 그에 따라 환급을 요구할 수 있습니다.

따라서, 어지러움과 구토와 같은 부작용이 발생한 경우, 해당 제품의 환불을 요구하는 것이 가능하다고 볼 수 있습니다. 환불을 요청할 때는 관련 증거(예: 의사의 진단서, 구매 영수증 등)를 함께 제출하는 것이 좋습니다.",0.9510441513741236,0.75
다이어트 프로그램 등록 후 부작용 문제로 프로그램을 완수 하지 못할 경우 남은 기간에 대해서 환불 받을 때 위약금을 면제받을 수 있나요?,"다이어트 프로그램 등록 후 부작용으로 인해 프로그램을 완수하지 못할 경우, 환불 시 위약금을 면제받을 수 있는지 여부는 계약의 약관 및 관련 법률에 따라 다릅니다.

제시된 사례에 따르면, 신청인은 다이어트 프로그램 중 부작용으로 인해 더 이상 프로그램을 이용할 수 없게 되었고, 계약의 환급 관련 약관에 따르면 총 가입 금액의 10%를 위약금으로 차감하고 환급한다고 명시되어 있습니다. 그러나 소비자 보호법에 따르면, 사업자가 책임이 없는 사유로 계약이 해지된 경우 소비자에게 부당한 위약금을 청구할 수 없으며, 실제 공급된 재화 등의 대가를 초과하여 수령한 대금의 환급을 부당하게 거부할 수 없습니다.

따라서, 부작용이 사업자의 귀책사유로 인정될 경우 위약금 면제 또는 환급이 가능할 수 있습니다. 하지만 부작용이 사업자의 책임이 아닌 경우에는 약관에 따라 위약금이 차감된 금액만 환급받을 수 있습니다. 구체적인 상황에 따라 다를 수 있으므로, 계약서의 내용과 부작용의 원인 등을 종합적으로 고려해야 합니다.",0.0,0.875
대리운전 서비스 이용 중 대리기사가 주차 과정에서 차량을 파손하였다. 이 때 차량의 변상 책임은 누구에게 있는가?,"대리운전 서비스 이용 중 대리기사가 주차 과정에서 차량을 파손한 경우, 차량의 변상 책임은 대리운전 사업자에게 있습니다. 이는 대리운전 기사의 운행 중 발생한 차량 파손에 대해 대리운전 사업자가 차량 수리비 등 피해액을 배상해야 한다는 규정에 따라 결정됩니다. 따라서, 차량의 파손에 대한 손해배상 책임은 대리운전 사업자가 지게 됩니다.",0.8438218772707607,0.6666666666666666
동일 상호 및 점포에 대한 회원권을 사업자가 변경되었다는 이유로 서비스 제공을 거부할 수 있나요?,"사업자가 변경되었다는 이유로 동일 상호 및 점포에서 제공되는 회원권에 대한 서비스 제공을 거부할 수 없습니다. 위의 사례에서 신청인은 이전 사업자에게서 구입한 회원권을 가지고 있었고, 사업자가 변경되었더라도 동일한 장소에서 동일한 상호를 사용하여 영업을 계속하고 있었기 때문에 서비스 제공을 거부할 수 없다는 판결이 내려졌습니다. 

또한, 신청인은 회원권의 유효기간에 대한 설명을 받지 못했으며, 사업자 변경에 대한 고지도 받지 못한 점도 중요한 요소로 작용했습니다. 따라서, 사업자가 변경되었다는 이유로 서비스 제공을 거부하는 것은 소비자 보호의 관점에서 부당하다고 판단됩니다.",0.8551225383919725,0.5714285714285714
렌탈 공기청정기 필터 교체 주기가 계약과 달리 지켜지지 않아 성능이 저하되었습니다. 계약해지·환불 또는 감액 기준은?,"렌탈 공기청정기의 필터 교체 주기가 계약과 달리 지켜지지 않아 성능이 저하된 경우, 고객은 계약 해지 및 환불 또는 감액을 요구할 수 있습니다. 

1. **계약 해지**: 고객은 회사가 상품의 적절한 성능 유지 및 하자 보수를 불이행하는 경우, 상당한 기간을 정하여 이행을 최고한 후에도 회사가 합리적인 이유 없이 이행하지 않을 경우 계약을 해지할 수 있습니다. 이 경우 고객은 위약금을 부담하지 않습니다.

2. **환불 또는 감액**: 고객은 필터 교체가 이루어지지 않아 공기청정기의 성능이 저하된 경우, 해당 기간 동안의 렌탈료 환급을 요구할 수 있습니다. 예를 들어, 필터가 교체되지 않아 공기청정기가 제 기능을 다하지 못한 기간에 대한 렌탈료를 환급받을 수 있습니다.

따라서, 고객은 필터 교체 미이행을 이유로 계약 해지 및 렌탈료 환급을 요구할 수 있으며, 위약금 면제 조건도 충족됩니다.",0.8213710357051468,1.0
맞춤 수제화가 발볼 규격과 다른 치수로 제작되어 착용이 어렵습니다. 재제작 또는 환급을 요구할 수 있는 기준은 무엇인가요?,"맞춤 수제화의 경우, 일반적으로 소비자가 주문한 규격에 따라 제작되기 때문에 청약철회가 제한될 수 있습니다. 그러나 발볼 규격과 다른 치수로 제작되어 착용이 어렵다면, 이는 소비자가 주문한 내용과 실제 제품이 일치하지 않는 경우로 볼 수 있습니다.

이와 관련하여, 「전자상거래 등에서의 소비자보호에 관한 법률(전자상거래법)」 제17조에 따르면, 소비자는 상품이 표시된 내용과 다를 경우 교환이나 환급을 요구할 수 있습니다. 따라서, 발볼 규격이 소비자가 주문한 것과 다르게 제작된 경우, 재제작 또는 환급을 요구할 수 있는 기준이 성립할 수 있습니다.

결론적으로, 맞춤 수제화가 발볼 규격과 다른 치수로 제작되어 착용이 어렵다면, 소비자는 해당 문제를 근거로 재제작 또는 환급을 요구할 수 있습니다. 이 경우, 주문 시 제공된 정보와 실제 제품의 일치 여부가 중요한 판단 기준이 됩니다.",0.7759755085781578,0.25
맞춤 커튼이 색상 견본과 다르게 제작·설치되었습니다. 색상 불일치 시 재제작·환불 기준은 어떻게 되나요?,"맞춤 커튼이 색상 견본과 다르게 제작·설치된 경우, 소비자는 다음과 같은 기준에 따라 재제작 또는 환불을 요구할 수 있습니다.

1. **무상수리**: 색상 불일치가 경미한 경우, 판매자는 무상으로 수리를 제공해야 합니다.
2. **교환**: 색상 불일치가 심각한 경우, 소비자는 동일한 제품으로 교환을 요구할 수 있습니다.
3. **환급**: 만약 교환이 불가능하거나 소비자가 환급을 원할 경우, 구입 가격에 대한 환급이 이루어져야 합니다.

이 경우, 소비자는 제품 구입 후 7일 이내에 제품에 손상이 없는 상태에서 교환 또는 환급을 요구할 수 있습니다. 또한, 환급을 요구할 때는 영수증을 제시해야 합니다. 

따라서, 색상 불일치로 인한 문제는 위의 기준에 따라 해결될 수 있습니다.",0.820982643961265,0.875
메이크업 학원 등록 후 개인사정으로 인한 수강해지에 따라 잔여대금을 일부 환불받을 수 있을까요?,"메이크업 학원 등록 후 개인 사정으로 수강을 해지한 경우, 잔여대금 환불 여부는 계약의 조건과 관련 법령에 따라 다릅니다. 

제시된 사례에 따르면, 신청인은 메이크업 학원과의 계약에 따라 수강료를 납부한 후 개인 사정으로 수강을 중단하였고, 이 경우 잔여대금 환급을 요구할 수 있습니다. 일반적으로 수강료 환급은 수강 기간에 따라 다르게 적용되며, 이미 납부한 교습비의 일부가 환급될 수 있습니다.

구체적으로, 수강 기간이 1개월 이내인 경우에는 반환사유가 발생한 당해 월의 반환 대상 수강료와 나머지 월의 수강료 전액을 합산한 금액이 환급 대상이 됩니다. 따라서, 개인 사정으로 수강을 중단한 경우에도 잔여 수강 기간에 해당하는 금액을 환급받을 수 있는 가능성이 있습니다.

결론적으로, 개인 사정으로 수강을 해지한 경우 잔여대금을 일부 환불받을 수 있으며, 구체적인 환급 금액은 계약 조건과 남은 수강 기간에 따라 달라질 수 있습니다.",0.0,0.6666666666666666
미성년자가 법정대리인의 동의 없이 모바일 게임 결제를 하였다. 이런 상황에서 법정대리인이 해당 계약의 취소를 원한다. 가능한가?,"미성년자가 법정대리인의 동의 없이 모바일 게임 결제를 한 경우, 법정대리인은 해당 계약을 취소할 수 있습니다. 이는 민법 제5조에 따라 미성년자는 법정대리인의 동의 없이 체결한 계약을 취소할 수 있는 권리가 있기 때문입니다. 

따라서 법정대리인이 계약 취소를 원할 경우, 기납부한 요금은 환급받을 수 있으며, 미납 요금 및 위약금은 청구할 수 없습니다. 이러한 규정은 모바일 콘텐츠업에 대한 분쟁유형 해결 기준에도 명시되어 있습니다.",0.83689091556968,0.8333333333333334
미용실 파마 과정에서 시술자의 귀책으로 고객이 두피화상을 입었다. 이 때 소비자는 해당 시술료를 포함하여 화상치료에 발생한 대금을 시술자에게 청구할 수 있는가?,"고객이 미용실에서 파마 시술 중 시술자의 귀책으로 인해 두피 화상을 입었다면, 소비자는 해당 시술료를 포함하여 화상 치료에 발생한 대금을 시술자에게 청구할 수 있습니다. 

민법 제750조에 따르면, 타인의 불법행위로 인해 손해를 입은 경우에는 그 손해를 배상받을 수 있습니다. 따라서 시술자의 과실로 인한 화상 치료 비용은 시술자가 부담해야 할 책임이 있습니다. 

또한, 소비자는 계약 해지와 관련하여 발생한 위약금 및 대금 환급에 대한 규정도 적용될 수 있습니다. 이 경우, 소비자는 시술료 환급과 함께 치료비용을 청구할 수 있는 권리가 있습니다. 

결론적으로, 소비자는 시술료와 화상 치료에 발생한 대금을 시술자에게 청구할 수 있습니다.",0.784547256656516,0.1428571428571428
"미용실에서 시술 전 설명과 다른 시술이 진행되어 머리카락 손상이 발생했을 때, 환불 및 손해배상이 가능한가요?","미용실에서 시술 전 설명과 다른 시술이 진행되어 머리카락 손상이 발생한 경우, 소비자는 다음과 같은 권리를 가집니다.

1. **계약 내용과 다른 경우**: 제공된 서비스가 계약 내용과 다를 경우, 소비자는 계약 해지를 요청할 수 있으며, 해지일까지의 이용일수에 해당하는 금액을 공제한 후 환급받을 수 있습니다.

2. **신체상의 피해 발생**: 머리카락 손상은 신체상의 피해로 간주될 수 있습니다. 이 경우, 사업자는 원상회복을 책임져야 하며, 원상회복이 불가능한 경우에는 손해배상을 해야 합니다.

따라서, 시술 전 설명과 다른 시술로 인해 머리카락 손상이 발생했다면, 환불 및 손해배상이 가능합니다. 소비자는 사업자에게 이러한 사항을 통지하고, 적절한 조치를 요구할 수 있습니다.",0.8328998186407753,0.3333333333333333
반려동물을 구입한 지 15일 이내에 구입한 반려동물이 폐사했다. 소비자는 구입에 소요된 비용을 환불받을 수 있는가?,"네, 소비자는 반려동물을 구입한 지 15일 이내에 폐사한 경우, 동종의 애완동물로 교환하거나 구입가를 환급받을 수 있습니다. 단, 소비자의 중대한 과실로 인해 피해가 발생한 경우에는 배상을 요구할 수 없으니 이 점 유의해야 합니다.",0.8423222103784097,0.75
"배송 대행 서비스를 이용했는데, 해외에서 주문한 물품이 파손된 상태로 도착했을 때 대행업체에 손해배상을 청구할 수 있나요?","배송 대행 서비스를 이용하여 해외에서 주문한 물품이 파손된 상태로 도착한 경우, 대행업체에 손해배상을 청구할 수 있습니다. 

문서에 따르면, 배송 대행업체는 운송주선인으로서 제품을 검수할 의무가 있으며, 만약 제품이 파손된 상태로 수령되었다면, 대행업체는 손해배상 책임이 있습니다. 특히, 대행업체가 파손된 상태에 대한 입증자료를 제출하지 못할 경우, 손해배상 책임이 더욱 명확해집니다.

또한, 해당 계약이 보험가입을 포함하고 있다면, 대행업체는 보험을 통해 손해를 보상해야 할 의무가 있습니다. 따라서, 파손된 물품에 대해 손해배상을 청구하는 것이 적절합니다.",0.8657443348594652,1.0
보일러 시공 과정에서 배관의 연결불량이 발견되었다. 이 때 받을 수 있는 조치는?,"보일러 시공 과정에서 배관의 연결불량이 발견된 경우, 소비자는 다음과 같은 조치를 취할 수 있습니다:

1. **시공업체에 통보**: 배관의 연결불량을 발견한 즉시 시공업체에 이를 통보하고, 문제를 해결해 줄 것을 요청해야 합니다.

2. **수리 요청**: 시공업체에 수리를 요청할 수 있으며, 이 경우 시공업체는 계약에 따라 적절한 조치를 취해야 합니다. 만약 시공업체가 문제를 해결하지 않거나 불성실하게 대응할 경우, 소비자는 계약 위반으로 간주하여 손해배상을 요구할 수 있습니다.

3. **소비자 보호 기관에 신고**: 시공업체가 문제를 해결하지 않거나 소비자의 요구를 무시할 경우, 소비자는 소비자 보호 기관에 신고하여 도움을 받을 수 있습니다.

4. **분쟁 조정 요청**: 만약 문제가 해결되지 않는다면, 소비자는 분쟁 조정을 요청할 수 있습니다. 이 경우, 관련 법규에 따라 조정 절차를 진행하게 됩니다.

이와 관련된 법률적 근거로는 '민법' 및 '소비자보호법'이 있으며, 소비자는 자신의 권리를 보호받기 위해 이러한 법률을 참고할 수 있습니다.",0.7754847203789139,0.0
부동산 중개업소와 계약 후 계약서에 작성 된 중계수수료가 법정 중계수수료보다 높다는 사실을 확인했다. 이 때 계약자는 중개업소에게 법정 수수료보다 높은 계약서 내의 중계수수료를 지급해야하는가?,"부동산 중개업소와 계약 후 계약서에 작성된 중계수수료가 법정 중계수수료보다 높은 경우, 계약자는 중개업소에게 법정 수수료보다 높은 계약서 내의 중계수수료를 지급할 의무가 없습니다. 

법정 중계수수료는 관련 법령에 의해 정해진 최대 한도로, 이를 초과하는 수수료는 소비자가 동의하더라도 법적으로 효력이 없을 수 있습니다. 따라서 계약자는 법정 수수료에 해당하는 금액만 지급하면 됩니다. 

이와 관련하여 '민법' 및 '소비자보호법'의 규정을 참조할 수 있으며, 소비자는 불공정한 계약 조건에 대해 이의를 제기할 수 있는 권리가 있습니다.",0.8084783199482853,0.0
"붙박이장 설치 후 경첩과 문짝 불량으로 수리를 받았음에도 불구하고 1개월 후 동일 문제가 발생하여, 동일 제품 교환을 희망하는데, 가능한가요?","주어진 상황에 따르면, 붙박이장 설치 후 경첩과 문짝의 불량으로 수리를 받았으나 1개월 후 동일한 문제가 발생한 경우, 소비자는 동일 제품의 교환을 요청할 수 있습니다. 

문서에 따르면, 품질보증기간 이내에 동일한 하자에 대해 2회까지 수리하였으나 하자가 재발하는 경우에는 수리 불가능한 것으로 간주됩니다. 따라서, 소비자는 제품 교환 또는 구입가 환급을 요구할 수 있습니다. 

이 경우, 사업자는 소비자의 요청에 따라 제품을 교환하거나 구입가를 환급해야 할 의무가 있습니다.",0.8047102339944171,0.8333333333333334
사용 시 주의사항 교육이 필요한 물품 구입 시 교육을 못받아서 사용 중 하자가 발생하였는데 교환받을 수 있나요?,"주어진 문서에 따르면, 제품의 하자가 발생한 경우 교환이나 환급이 가능하나, 이는 품질보증기간 내에서 정상적인 사용 상태에서 발생한 성능 또는 기능상의 하자에 해당해야 합니다. 

사용 시 주의사항 교육이 필요한 물품의 경우, 소비자가 교육을 받지 않아 발생한 하자는 소비자의 고의 또는 과실로 간주될 수 있습니다. 이 경우, 하자가 발생한 원인이 소비자의 잘못으로 판단될 수 있으므로, 교환이나 환급이 어려울 수 있습니다.

따라서, 사용 시 주의사항 교육을 받지 않아 발생한 하자에 대해서는 교환이 어려울 것으로 보입니다.",0.0,1.0
"사전에 제품 주의사항의 미흡한 표시로 인한 제품 사용 중 발생한 상해에 대해서 보상받을 수 있나요? 단, 제품 상의 하자 혹은 결함이 상해의 원인은 아님.","제품 주의사항의 미흡한 표시로 인해 발생한 상해에 대해서는 소비자가 보상을 받을 수 있는 가능성이 있습니다. 이는 제품의 품질이나 성능에 대한 하자가 아닌, 제품 사용에 대한 정보 제공의 부족으로 인한 문제로 볼 수 있습니다.

해당 경우에는 '소비자보호법'에 따라 사업자는 소비자에게 안전한 제품을 제공할 의무가 있으며, 제품 사용 중 발생한 상해가 주의사항 미흡으로 인한 것이라면, 사업자는 손해배상 책임을 질 수 있습니다. 특히, 소비자가 상해로 인해 치료비, 경비 및 일실소득을 입증할 수 있다면, 이에 대한 배상을 요구할 수 있습니다.

따라서, 제품 사용 중 발생한 상해가 주의사항의 미흡한 표시로 인한 것이라면, 보상을 받을 수 있는 가능성이 높습니다. 구체적인 상황에 따라 다를 수 있으므로, 추가적인 법률적 조언이 필요할 수 있습니다.",0.0,0.125
상조서비스를 계약한 후 신용카드 할부 거래를 통하여 계약금을 지급하였다. 하지만 이후 타 상조업체를 이용하기를 희망하여 계약을로부터 4일 뒤 청약 철회를 원한다. 이때 소비자는 계약금을 환급 받을 수 있는가?,"소비자가 상조서비스 계약을 체결한 후 4일 이내에 청약 철회를 원할 경우, 소비자는 계약금 및 할부금을 환급받을 수 있습니다. 청약 철회는 소비자보호법에 따라 계약 체결 후 14일 이내에 가능하며, 이 경우 위약금 없이 이용일수에 해당하는 금액을 공제한 후 환급받을 수 있습니다. 따라서, 소비자는 계약금을 환급받을 수 있습니다.",0.787667080827149,0.5
세탁서비스를 통한 신발 세탁 위탁 후 신발 갑피의 가죽이 변색되었는데 배상 가능한가요?,"신발 세탁 후 갑피의 가죽이 변색된 경우, 배상 가능성은 여러 요소에 따라 달라질 수 있습니다. 주어진 사례를 참고하면, 세탁업체가 세탁 전 제품의 상태에 대한 인수증을 교부하지 않았고, 세탁과실이 명확히 입증되지 않은 경우, 소비자는 배상을 요구할 수 있는 근거가 있을 수 있습니다.

1. **세탁업체의 책임**: 세탁업체가 제품을 인수할 때 인수증을 제공하지 않았다면, 세탁업체는 세탁 전 제품의 상태에 대한 책임을 질 수 있습니다. 이는 「세탁업 표준약관」 제3조 제1항에 따라 인수증 미교부로 인해 발생한 손해에 대한 책임이 세탁업체에게 귀속된다는 점에서 중요합니다.

2. **소비자의 착화 습관**: 소비자가 착화 과정에서 신발을 훼손했을 가능성도 배제할 수 없습니다. 이 경우, 소비자의 책임이 일부 인정될 수 있습니다.

3. **한국소비자원 심의 결과**: 한국소비자원 신발제품심의위원회에서 세탁과실로 단정할 수 없다고 판단한 점도 고려해야 합니다. 이는 세탁업체의 책임이 제한될 수 있음을 의미합니다.

결론적으로, 신발 갑피의 변색에 대한 배상 여부는 세탁업체의 과실 여부, 소비자의 착화 습관, 그리고 세탁 전 제품 상태에 대한 증거에 따라 달라질 수 있습니다. 따라서, 구체적인 상황에 따라 배상 가능성을 판단해야 합니다.",0.0,1.0
소비자가 AS 대여폰을 사용하는데 통신사가 약정보다 짧은 대여 기간을 적용해 통화 불가 기간이 발생했습니다. 통화불가로 인하여 소비자가 업무상 피해를 입었을 때 손해배상 청구가 가능한가요?,"소비자가 AS 대여폰을 사용하는 동안 통신사가 약정보다 짧은 대여 기간을 적용하여 통화 불가 기간이 발생한 경우, 소비자는 손해배상을 청구할 수 있는 가능성이 있습니다.

이 경우, 통화품질 불량이나 서비스 중지로 인한 피해는 이동통신 서비스 계약에 따라 손해배상 기준이 적용됩니다. 특히, 연속 2시간 이상 또는 1개월 누적 6시간 이상 서비스 중지 또는 장애로 인한 피해에 대해서는 손해배상액이 서비스 제공받지 못한 시간에 해당하는 기본료와 부가사용료의 10배에 상당하는 금액으로 정해져 있습니다.

따라서, 소비자가 통화 불가로 인해 실제로 업무상 피해를 입었다면, 해당 기간 동안의 서비스 중지 시간에 대한 손해배상을 청구할 수 있습니다. 다만, 서비스 중지나 장애가 불가항력적인 사유(천재지변 등)나 소비자의 고의 또는 과실로 인한 경우에는 손해배상 청구가 제한될 수 있습니다.

결론적으로, 소비자는 통화 불가로 인한 피해에 대해 손해배상을 청구할 수 있으며, 구체적인 손해배상액은 서비스 중지 시간에 따라 계산될 것입니다.",0.8386367138576855,0.6666666666666666
소비자가 PT 10회권을 결제했는데 트레이너가 자격 정지로 배정이 불가합니다. 환불 및 손해배상 가능한가요?,"소비자가 PT(퍼스널 트레이닝) 10회권을 결제했으나 트레이너의 자격 정지로 인해 서비스를 제공받지 못하는 경우, 환불 및 손해배상에 대한 권리가 발생할 수 있습니다.

1. **환불**: 소비자는 계약해지 및 잔여기간에 대한 이용료 환급을 요청할 수 있습니다. 트레이너의 자격 정지로 인해 서비스가 제공되지 않는 경우, 이는 사업자의 사정으로 인한 계약해지로 간주될 수 있습니다. 따라서, 소비자는 총 이용금액에서 해지일까지 이용횟수에 해당하는 금액을 공제한 후 환급을 받을 수 있습니다.

2. **손해배상**: 또한, 사업자의 사정으로 인해 서비스가 제공되지 않은 경우, 소비자는 전체 이용요금의 10%에 해당하는 배상을 청구할 수 있습니다. 이는 계약의 이행이 지연되거나 불가능한 경우에 해당합니다.

결론적으로, 소비자는 환불과 손해배상을 모두 청구할 수 있는 권리가 있으며, 사업자는 이에 대한 책임이 있습니다.",0.8179621160569702,0.5714285714285714
소비자가 TV를 구매했는데 설치 대행업체가 벽걸이 설치 중 벽면을 훼손했습니다. 벽면 훼손에 대해 손해배상 청구가 가능한가요?,"소비자가 TV를 구매한 후 설치 대행업체가 벽걸이 설치 중 벽면을 훼손한 경우, 손해배상 청구가 가능할 수 있습니다. 이 경우, 설치 대행업체는 소비자와의 계약에 따라 설치 서비스를 제공하는 의무가 있으며, 그 과정에서 발생한 손해에 대해 책임을 질 수 있습니다.

민법 제750조에 따르면, 타인의 권리를 침해하여 손해를 발생시킨 경우에는 그 손해를 배상할 책임이 있습니다. 따라서 설치 대행업체가 설치 과정에서 벽면을 훼손하였다면, 소비자는 해당 업체에 대해 손해배상을 청구할 수 있는 근거가 마련됩니다.

또한, 소비자는 설치 대행업체에 대해 손해배상 청구를 하기 전에 해당 업체에 사고 사실을 통지하고, 손해의 정도를 확인하는 것이 중요합니다. 만약 업체가 손해를 인정하지 않거나 배상을 거부할 경우, 소비자는 소비자보호원이나 관련 기관에 분쟁 조정을 요청할 수 있습니다.

결론적으로, 벽면 훼손에 대해 손해배상 청구가 가능하며, 이를 위해서는 관련 법률에 따라 적절한 절차를 밟는 것이 필요합니다.",0.8679581292185751,0.0
소비자가 ‘친환경’ 마크를 보고 세제를 구매했는데 제조사가 인증을 받은 사실이 없는 것으로 드러났습니다. 판매자로부터 교환 또는 환불 받을 수 있나요?,"소비자가 '친환경' 마크를 보고 세제를 구매했으나, 제조사가 인증을 받은 사실이 없는 경우, 이는 소비자 보호법 제17조 제3항에 해당하는 '재화등의 내용이 표시·광고의 내용과 다른 경우'로 볼 수 있습니다. 따라서 소비자는 계약을 적법하게 철회할 수 있으며, 이 경우 재화의 반환에 필요한 비용은 통신판매업자가 부담해야 합니다.

결론적으로, 소비자는 판매자로부터 교환 또는 환불을 받을 수 있습니다.",0.8128212821796104,0.7142857142857143
소비자가 ‘평생 수강’ 온라인 강의를 샀는데 플랫폼이 2년 후 종료 공지를 게시했습니다. 계약 해제 및 환불이 가능한가요?,"소비자가 '평생 수강' 온라인 강의를 구매했으나 플랫폼이 2년 후 종료 공지를 게시한 경우, 계약 해제 및 환불 가능성에 대해 다음과 같이 설명할 수 있습니다.

1. **계약 내용 확인**: 소비자가 구매한 '평생 수강' 강의의 이용약관을 확인해야 합니다. 일반적으로 '평생 수강'이라는 표현은 소비자가 강의를 언제든지 수강할 수 있는 권리를 의미하지만, 플랫폼의 종료로 인해 서비스가 제공되지 않게 된다면 소비자는 계약 해제를 요구할 수 있는 근거가 생깁니다.

2. **소비자 보호법**: 소비자는 계약의 내용이 변경되거나 서비스가 제공되지 않을 경우, 계약 해제 및 환불을 요구할 수 있습니다. 특히, 플랫폼이 종료되면 소비자는 더 이상 강의를 수강할 수 없으므로, 이는 계약의 본질적인 이행이 불가능해진 것으로 볼 수 있습니다.

3. **환불 기준**: 만약 계약 해제가 인정된다면, 소비자는 결제한 금액의 전부 또는 일부에 대한 환불을 요구할 수 있습니다. 이 경우, 소비자가 실제로 수강한 강의가 없다면 전액 환불이 가능할 것입니다.

결론적으로, 플랫폼의 종료로 인해 강의를 수강할 수 없게 된 경우, 소비자는 계약 해제 및 환불을 요구할 수 있는 권리가 있으며, 이는 소비자 보호법에 근거한 것입니다. 소비자는 해당 플랫폼에 환불 요청을 할 수 있습니다.",0.8665816787350099,0.75
소비자가 가정용 보일러 설치를 맡겼는데 설치업체의 시공 하자로 배기가스 역류 위험이 발생했습니다. 이 때 소비자가 받을 수 있는 대처는?,"소비자가 가정용 보일러 설치를 맡겼는데 설치업체의 시공 하자로 인해 배기가스 역류 위험이 발생한 경우, 소비자는 다음과 같은 대처를 할 수 있습니다.

1. **손해배상 요구**: 소비자는 설치업체에 대해 손해배상을 요구할 수 있습니다. 설치업체가 시공 하자로 인해 발생한 위험이나 손해에 대해 책임을 져야 하며, 이 경우 소비자는 발생한 손해에 대한 배상을 청구할 수 있습니다.

2. **설치비 환급**: 만약 설치업체의 시공 하자가 심각하여 보일러가 제대로 작동하지 않거나 안전에 위협이 되는 경우, 소비자는 설치비 환급을 요구할 수 있습니다.

3. **분쟁조정 신청**: 소비자는 한국소비자원이나 관련 기관에 분쟁조정을 신청할 수 있습니다. 이를 통해 설치업체와의 분쟁을 해결할 수 있는 방법을 모색할 수 있습니다.

4. **법적 조치**: 만약 설치업체가 손해배상이나 설치비 환급에 응하지 않는 경우, 소비자는 민사소송을 통해 법적 조치를 취할 수 있습니다.

이와 관련된 사례로는 2018년의 보일러 오작동 사건이 있습니다. 이 사건에서는 소비자가 보일러 오작동으로 인해 발생한 손해에 대해 설치업체에 손해배상을 요구하였고, 최종적으로 손해배상금 지급 결정이 내려졌습니다. 이와 유사한 방식으로 소비자는 자신의 권리를 주장할 수 있습니다.",0.8258206337932791,0.4615384615384615
소비자가 건강보조식품을 구입했는데 광고사(대행사)가 의학적 효능을 보장하는 문구로 오인 유도했습니다. 판매자로부터 교환 또는 환불 받을 수 있나요?,"소비자가 건강보조식품을 구입했는데 광고에서 의학적 효능을 보장하는 문구로 인해 오인하게 된 경우, 소비자는 교환 또는 환불을 요청할 수 있는 권리가 있습니다. 

대법원 2013. 6. 14. 선고 2011두82 판결에 따르면, 광고가 소비자를 속이거나 잘못 알게 할 우려가 있는 경우, 소비자는 해당 광고로 인해 피해를 입었다고 볼 수 있습니다. 이 경우, 소비자는 제품의 교환 또는 구입가 환급을 요구할 수 있으며, 이는 소비자보호법에 따라 소비자의 권리를 보호하는 조치입니다.

따라서, 소비자는 판매자에게 교환 또는 환불을 요청할 수 있으며, 광고의 허위 또는 과장으로 인해 발생한 피해에 대해 적절한 보상을 받을 수 있습니다.",0.8245275432314793,0.5
소비자가 건조기를 구매했는데 제조사가 화재 위험 리콜 대상을 늦게 고지해 불안이 지속됩니다. 교환 및 환불이 가능한가요?,"소비자가 건조기를 구매한 후 제조사가 화재 위험 리콜 대상을 늦게 고지한 경우, 소비자는 교환 또는 환불을 요구할 수 있는 권리가 있습니다. 

소비자기본법 시행령 제8조 제2항에 따르면, 소비자는 제품에 하자가 발생했거나 안전상의 문제가 있는 경우 교환이나 환불을 요청할 수 있습니다. 특히, 화재 위험과 같은 안전 문제는 소비자의 생명과 재산에 직접적인 영향을 미치므로, 제조사는 신속하게 리콜 정보를 제공해야 할 의무가 있습니다.

따라서, 소비자는 해당 제품의 교환 또는 환불을 요구할 수 있으며, 제조사에 이 사실을 통지하고 적절한 조치를 취할 것을 요청할 수 있습니다. 만약 제조사가 이를 거부하거나 적절한 대응을 하지 않을 경우, 소비자는 소비자 보호 기관에 분쟁 조정을 신청할 수 있습니다.",0.8329410657622196,0.2857142857142857
소비자가 게임 내 확률형 아이템을 구매했는데 사업자가 공지한 당첨확률과 다른 것으로 확인됩니다. 이에 대해서 환불 또는 손해배상 청구가 가능한가요?,"소비자가 게임 내 확률형 아이템을 구매했으나 사업자가 공지한 당첨확률과 다른 경우, 이는 허위 또는 과장광고에 해당할 수 있습니다. 이 경우 소비자는 계약해제 및 이용료 전액환급을 요구할 수 있습니다.

따라서, 소비자는 환불을 청구할 수 있으며, 손해배상 청구도 가능할 수 있습니다. 다만, 손해배상 청구의 경우에는 소비자가 입증해야 할 사항이 있을 수 있으므로, 구체적인 상황에 따라 다를 수 있습니다. 

이와 관련된 구체적인 사례나 추가적인 법률적 조언이 필요하다면, 관련 법률 문서를 참조하여 더 자세한 정보를 확인하는 것이 좋습니다.",0.0,0.4285714285714285
소비자가 골프장 예약 후 우천으로 라운드를 중단했는데 운영사가 이용료 정산을 거부합니다. 손해배상 책임이 인정되나요?,"소비자가 골프장 예약 후 우천으로 인해 라운드를 중단한 경우, 운영사가 이용료 정산을 거부하는 것은 적절하지 않을 수 있습니다. 

우선, 불가항력적 사유(강설, 폭우, 안개 등)로 인해 경기 진행이 불가능한 경우, 소비자는 기본요금을 제외한 이용요금 전액을 환급받을 수 있습니다. 따라서, 우천으로 인해 라운드를 중단한 경우에도 소비자는 해당 규정에 따라 환급을 요구할 수 있습니다.

운영사가 이용료 정산을 거부하는 경우, 소비자는 소비자보호법 및 관련 법령에 따라 손해배상 책임을 주장할 수 있습니다. 특히, 운영사가 소비자의 권리를 침해한 경우에는 손해배상 책임이 인정될 수 있습니다. 

결론적으로, 소비자는 우천으로 인한 라운드 중단에 대해 환급을 요구할 수 있으며, 운영사가 이를 거부할 경우 손해배상 책임이 인정될 가능성이 높습니다.",0.8320467339713374,0.4285714285714285
소비자가 공기청정기를 구매했는데 제조사가 초기불량으로 3회 수리했음에도 동일 고장이 재발합니다. 계약 해제 및 환불이 가능한가요?,"소비자가 공기청정기를 구매한 후 제조사의 초기 불량으로 인해 3회 수리를 받았음에도 동일한 고장이 재발하는 경우, 계약 해제 및 환불이 가능할 수 있습니다. 

민법 제 565조에 따르면, 매수인은 매도인이 제공한 물건에 하자가 있는 경우, 일정한 절차를 거쳐 계약을 해제할 수 있습니다. 특히, 소비자가 하자 보수를 요구했음에도 불구하고 제조사가 이를 이행하지 않거나, 하자가 지속적으로 발생하는 경우에는 계약 해제가 가능하다고 볼 수 있습니다.

또한, 소비자보호법 및 일반적 소비자분쟁해결기준에 따르면, 소비자는 제품의 하자가 지속적으로 발생할 경우, 계약 해지 및 환불을 요구할 수 있는 권리가 있습니다. 이 경우, 소비자는 제조사에게 하자 보수를 요구한 후, 합리적인 기간 내에 이행되지 않을 경우 계약 해제를 통지할 수 있습니다.

따라서, 소비자는 계약 해제 및 환불을 요구할 수 있으며, 이를 위해서는 제조사에 하자 보수를 요구하고, 그 이행이 이루어지지 않았음을 입증할 필요가 있습니다.",0.850019952893196,0.6666666666666666
소비자가 공연 티켓을 예매했는데 주최사가 좌석 등급을 일방적으로 하향 조정했습니다. 환불 가능한가요?,"소비자가 공연 티켓을 예매했는데 주최사가 좌석 등급을 일방적으로 하향 조정한 경우, 이는 공연 내용이 계약과 다르게 변경된 것으로 간주될 수 있습니다. 이 경우, 소비자는 입장료 환급 및 입장료의 10% 배상을 요구할 수 있습니다. 따라서 환불이 가능합니다. 

구체적으로, 공연 내용이 계약과 다른 경우에는 소비자는 입장료를 전액 환급받고 추가로 10%의 배상을 받을 수 있는 권리가 있습니다.",0.8430361254141947,0.3333333333333333
소비자가 국제특송을 이용했는데 판매자가 결제 후 추가 수수료를 사전 고지 없이 청구했습니다. 수수료를 지불 해야하나요?,"소비자가 국제특송을 이용했으나 판매자가 결제 후 추가 수수료를 사전 고지 없이 청구한 경우, 소비자는 해당 수수료를 지불할 의무가 없습니다. 

전자상거래 등에서의 소비자보호에 관한 법률 제17조에 따르면, 사업자는 소비자에게 계약 체결 전에 모든 비용을 명확히 고지해야 할 의무가 있습니다. 만약 판매자가 사전 고지 없이 추가 수수료를 청구했다면, 이는 법적으로 소비자가 부담해야 할 비용이 아니며, 소비자는 이를 거부할 수 있습니다.

따라서, 소비자는 추가 수수료를 지불할 필요가 없습니다.",0.8390458360130629,0.8
소비자가 냉동생선을 예약 구매했는데 판매자가 해동된 상태로 배송해 품질이 저하되었습니다. 계약 해제가 가능한가요?,"소비자가 냉동생선을 예약 구매했음에도 불구하고 판매자가 해동된 상태로 배송하여 품질이 저하된 경우, 계약 해제가 가능할 수 있습니다. 

「소비자기본법 시행령」 제8조 제2항에 따르면, 소비자는 계약의 내용과 다르게 제공된 물품에 대해 교환이나 환불을 요구할 수 있습니다. 해동된 상태로 배송된 냉동생선은 소비자가 기대한 품질과 다르므로, 이는 계약 위반으로 간주될 수 있습니다.

따라서 소비자는 해당 제품에 대해 계약 해제를 요구할 수 있으며, 이 경우 판매자는 소비자에게 적절한 보상을 제공해야 할 의무가 있습니다.",0.8107898962405358,0.125
소비자가 냉장 식품을 수령했는데 배송업체가 온도 유지를 하지 않아 변질이 의심되어 판매처가 환불을 진행했습니다. 만일 변질이 배송업체의 귀책으로 인정되었을 때 구상권 청구가 가능한가요?,"배송업체의 귀책으로 인해 냉장 식품이 변질된 경우, 소비자는 판매처로부터 환불을 받을 수 있습니다. 이 경우, 판매처는 배송업체에 대해 구상권을 청구할 수 있는 가능성이 있습니다. 구상권이란, 손해를 배상한 자가 그 손해의 원인 제공자에게 배상 청구를 할 수 있는 권리를 말합니다.

따라서, 변질이 배송업체의 귀책으로 인정된다면, 판매처는 해당 배송업체에 대해 구상권을 행사할 수 있습니다. 이는 민법 제 750조에 따라 손해배상 청구가 가능하다는 점을 근거로 할 수 있습니다. 

결론적으로, 변질이 배송업체의 귀책으로 인정되면 판매처는 구상권을 청구할 수 있습니다.",0.8314066541911852,0.0
소비자가 노트북을 해외직구로 구매했는데 판매자가 통관 후 초기불량 교환을 거부합니다. 환불이 가능한가요?,"해외직구로 구매한 노트북의 초기 불량에 대한 교환이나 환불은 소비자 보호법 및 전자상거래법에 따라 다르게 적용될 수 있습니다. 일반적으로, 소비자는 제품에 하자가 있을 경우 교환이나 환불을 요구할 수 있는 권리가 있습니다. 그러나 해외직구의 경우, 판매자의 정책이나 해당 국가의 법률에 따라 다를 수 있습니다.

1. **초기 불량의 정의**: 초기 불량이란 제품을 받은 후 사용 전 또는 사용 초기 단계에서 발생한 하자를 의미합니다. 이 경우, 소비자는 제품의 하자가 제조상의 결함인지, 사용자의 과실인지에 대한 입증이 필요할 수 있습니다.

2. **환불 가능성**: 판매자가 초기 불량에 대한 교환을 거부하는 경우, 소비자는 환불을 요구할 수 있습니다. 그러나 판매자가 해외에 위치해 있을 경우, 환불 절차가 복잡할 수 있으며, 판매자의 반품 정책에 따라 다를 수 있습니다.

3. **소비자 보호법**: 한국의 소비자 보호법에 따르면, 소비자는 제품에 하자가 있을 경우 교환 또는 환불을 요구할 수 있으며, 판매자는 이를 거부할 수 없습니다. 그러나 해외직구의 경우, 해당 법이 적용되지 않을 수 있습니다.

결론적으로, 환불이 가능할 수 있으나, 판매자의 정책과 해당 국가의 법률에 따라 다를 수 있으므로, 구체적인 상황에 따라 다르게 판단될 수 있습니다. 소비자는 판매자와의 소통을 통해 문제를 해결하려고 노력해야 하며, 필요시 소비자 보호 기관에 상담을 요청할 수 있습니다.",0.0,0.2
소비자가 대여형 정수기를 이용하는데 설치 하자로 누수가 반복되어 바닥 손상이 발생했습니다. 손해배상 책임이 인정되나요?,"소비자가 대여형 정수기를 이용하는 과정에서 설치 하자로 인해 누수가 발생하고 바닥 손상이 생겼다면, 손해배상 책임이 인정될 수 있습니다. 

이와 관련하여, 설치 과정에서의 하자가 소비자의 재산에 손해를 끼쳤다면, 해당 업체는 손해배상 책임을 질 수 있습니다. 예를 들어, 위의 사례 16에서처럼 설치 기사가 부주의로 인해 발생한 손해에 대해 배상을 요구할 수 있는 것과 유사한 상황입니다. 

따라서, 소비자는 해당 업체에 손해배상을 요구할 수 있으며, 구체적인 상황에 따라 손해배상 금액이나 책임의 범위는 달라질 수 있습니다. 소비자는 피해 사실을 입증할 수 있는 증거를 준비하는 것이 중요합니다.",0.0,0.5
소비자가 렌탈 안마의자를 구매했는데 사전에 고지된 모델과 다른 모델이 렌탈되었습니다. 계약 해지 가능한가요?,"소비자가 렌탈한 안마의자가 사전에 고지된 모델과 다른 경우, 이는 계약의 중요한 사항이 변경된 것으로 볼 수 있습니다. 민법 제11조에 따르면, 상품의 하자보수 불이행 또는 관리의무 해태 등 회사의 귀책사유가 있는 경우 고객은 상당한 기간을 정하여 이행을 최고한 후에도 이행이 없는 경우 계약을 해지할 수 있습니다.

따라서, 소비자는 사전에 고지된 모델과 다른 모델이 렌탈된 사실을 근거로 계약 해지를 요구할 수 있습니다. 이 경우, 소비자는 회사에 해당 사실을 통보하고, 계약 해지를 위한 절차를 진행해야 합니다. 계약 해지 시 위약금이 발생하지 않을 가능성도 있으므로, 계약서의 관련 조항을 확인하는 것이 중요합니다.",0.8022130825281547,0.4285714285714285
소비자가 렌터카를 대여했는데 안내받지 못한 자차 면책금이 사후 청구됐습니다. 청구된 금액을 지불할 의무가 있나요?,"소비자가 렌터카를 대여한 후 안내받지 못한 자차 면책금이 사후에 청구된 경우, 소비자는 해당 금액을 지불할 의무가 있는지에 대해 다음과 같은 기준을 고려해야 합니다.

1. **약관의 명확성**: 렌터카 업체는 소비자에게 자차 면책금에 대한 정보를 명확히 제공해야 합니다. 만약 소비자가 대여 시 이러한 정보에 대해 충분한 안내를 받지 못했다면, 소비자는 해당 금액을 지불할 의무가 없을 수 있습니다.

2. **소비자 보호법**: 소비자는 계약 체결 시 중요한 사항에 대해 충분한 설명을 받을 권리가 있습니다. 만약 업체가 이를 위반했다면, 소비자는 청구된 금액에 대해 이의를 제기할 수 있습니다.

3. **신의성실의 원칙**: 계약의 해석은 신의성실의 원칙에 따라 공정하고 합리적으로 이루어져야 하므로, 소비자가 사후에 청구된 금액에 대해 불만을 제기할 수 있는 정당한 사유가 있을 경우, 업체는 이를 수용해야 할 의무가 있습니다.

결론적으로, 소비자가 자차 면책금에 대한 사전 안내를 받지 못했다면, 해당 금액을 지불할 의무가 없을 가능성이 높습니다. 그러나 구체적인 상황에 따라 다를 수 있으므로, 추가적인 법률적 조언이 필요할 수 있습니다.",0.0,0.1111111111111111
소비자가 맞춤 가구를 주문했는데 제작업자가 계약서와 다른 규격으로 제작하여 설치가 불가합니다. 전액 환불 가능한가요?,"소비자가 맞춤 가구를 주문했으나 제작업자가 계약서와 다른 규격으로 제작하여 설치가 불가한 경우, 소비자는 계약의 청약을 철회할 수 있는 권리가 있습니다. 이는 「소비자보호법」 제17조 제3항에 따라 재화의 내용이 표시·광고의 내용과 다를 경우에 해당합니다.

따라서, 소비자는 계약 해제를 요구할 수 있으며, 이 경우 전액 환불이 가능할 것으로 보입니다. 또한, 재화의 반환에 필요한 비용은 통신판매업자가 부담해야 하며, 환불 의무는 통신판매업자에게 있습니다.

결론적으로, 계약서와 다른 규격으로 제작된 경우 소비자는 전액 환불을 요구할 수 있습니다.",0.8132601045932105,0.5714285714285714
소비자가 맞춤 간판을 발주했는데 제작업자가 옥내외 규정 미준수로 설치가 반려됐습니다. 계약 해제가 가능한가요?,"소비자가 맞춤 간판을 발주했으나 제작업자가 옥내외 규정을 미준수하여 설치가 반려된 경우, 계약 해제가 가능합니다. 

제작업자의 귀책사유로 인해 계약의 이행이 불가능한 상황이므로, 소비자는 계약을 해제할 수 있으며, 이 경우 소비자는 납입한 금액의 환급을 요구할 수 있습니다. 

구체적인 환급 조건은 계약서에 명시된 내용에 따라 다를 수 있으므로, 계약서의 조항을 확인하는 것이 중요합니다. 만약 계약서에 특별한 규정이 없다면, 일반적으로 소비자는 계약 해제에 따른 환급을 받을 수 있습니다. 

추가적으로, 소비자는 계약 해제 시 발생할 수 있는 손해에 대한 배상도 요구할 수 있습니다.",0.7890917687497877,0.6666666666666666
소비자가 맞춤 수제화를 주문했는데 제화업자가 발볼 치수를 잘못 적용해 착용이 어렵습니다. 주문 시 지불한 금액 모두를 환불 받을 수 있나요?,"소비자가 맞춤 수제화를 주문했으나 제화업자가 발볼 치수를 잘못 적용하여 착용이 어렵다면, 소비자는 환불을 요청할 수 있는 권리가 있습니다. 

주문제작상품의 경우 일반적으로 청약철회가 제한될 수 있지만, 이 사건의 경우 제화업자가 소비자의 주문에 따라 개별적으로 제작된 것이 아니라면, 소비자는 청약철회를 할 수 있습니다. 만약 제화업자가 소비자의 요구사항을 제대로 반영하지 않았고, 이로 인해 제품이 사용 불가능한 상태라면, 소비자는 환불을 요구할 수 있습니다.

따라서, 소비자는 제화업자에게 환불을 요청할 수 있으며, 환불이 이루어지지 않을 경우에는 소비자보호법 및 전자상거래법에 따라 분쟁조정을 신청할 수 있습니다.",0.787786152161022,0.5
소비자가 맞춤 스튜디오 촬영을 예약했는데 사업자가 일방적으로 시간·구성을 축소했습니다. 계약 해제가 가능한가요?,"소비자가 맞춤 스튜디오 촬영을 예약했으나 사업자가 일방적으로 시간이나 구성을 축소한 경우, 이는 사업자의 책임 있는 사유로 계약이 해제될 수 있는 상황입니다. 

계약 해제 시 소비자는 계약금 환급을 받을 수 있으며, 사업자의 책임으로 인한 손해가 발생한 경우에는 손해배상도 청구할 수 있습니다. 

따라서, 소비자는 계약 해제를 요구할 수 있으며, 사업자는 이에 따라 계약금을 환급하고 손해배상을 해야 할 의무가 있습니다.",0.8461031261828059,0.4285714285714285
소비자가 맞춤 안경을 구입했는데 안경원이 처방과 다른 도수·난시 값을 적용해 어지럼증이 발생했습니다.  해당 사유로 병원을 방문 할 시 판매자로 부터 진료비를 보상받을 수 있나요?,"소비자가 맞춤 안경을 구입했으나 안경원이 처방과 다른 도수 및 난시 값을 적용하여 어지럼증이 발생한 경우, 소비자는 판매자로부터 진료비를 보상받을 수 있는 가능성이 있습니다. 

이와 관련하여 '소비자분쟁해결기준'에 따르면, 소비자가 구매한 제품이 계약 내용과 다르거나 하자가 있는 경우, 소비자는 손해배상을 청구할 수 있습니다. 특히, 안경의 경우 정확한 도수와 처방이 중요한 만큼, 잘못된 처방으로 인해 발생한 문제에 대해서는 판매자가 책임을 질 수 있습니다.

따라서, 소비자는 해당 안경원에 진료비 보상을 요청할 수 있으며, 만약 판매자가 이를 거부할 경우, 소비자분쟁조정기관에 분쟁 조정을 신청할 수 있습니다. 이때, 관련 증빙 자료(영수증, 진료비 청구서 등)를 준비하는 것이 중요합니다. 

결론적으로, 소비자는 판매자로부터 진료비를 보상받을 수 있는 가능성이 있으며, 필요한 경우 법적 절차를 통해 권리를 주장할 수 있습니다.",0.0,0.7272727272727273
소비자가 맞춤 인쇄물을 주문했는데 인쇄사가 색상 프로파일을 오적용해 색감이 크게 다릅니다. 계약 해제가 가능한가요?,"소비자가 맞춤 인쇄물을 주문했으나 인쇄사가 색상 프로파일을 오적용하여 색감이 크게 다르다면, 이는 소비자가 계약 해제를 요구할 수 있는 사유가 될 수 있습니다. 

「전자상거래 등에 서의 소비자보호에 관한 법률」 제17조 제1항에 따르면, 소비자는 청약철회를 할 수 있는 권리가 있으며, 이 경우 제품의 하자나 불량으로 인한 계약 해제는 적법하게 인정될 수 있습니다. 색상 차이가 소비자가 기대한 것과 현저히 다르다면, 이는 제품의 하자로 간주될 수 있습니다.

따라서, 소비자는 계약 해제를 요구할 수 있으며, 이 경우 인쇄사는 소비자에게 환급을 해야 할 의무가 있습니다. 다만, 소비자가 배송비를 부담해야 할 수 있으며, 구체적인 환급 조건은 계약서의 내용에 따라 달라질 수 있습니다. 

결론적으로, 소비자는 계약 해제가 가능하며, 인쇄사는 환급 의무가 있습니다.",0.8256601587529623,0.8461538461538461
소비자가 맞춤 인테리어를 계약했는데 시공사가 견적서와 다른 자재를 사용했습니다. 계약 해제가 가능한가요?,"소비자가 맞춤 인테리어 계약을 체결한 후, 시공사가 견적서와 다른 자재를 사용한 경우, 계약 해제가 가능할 수 있습니다. 

제시된 문서에 따르면, 공사의 설계 및 자재 변경으로 인해 계약한 제품의 공급이 불가능한 경우, 사업자의 요청에 의한 변경 시공이 이루어질 수 있으며, 이 경우 소비자는 추가 비용을 부담하지 않습니다. 만약 계약상의 규격에 미달하는 경우에는 공사금액 차액을 환급받을 수 있습니다.

따라서, 시공사가 견적서와 다른 자재를 사용하여 계약상의 규격에 미달하는 경우, 소비자는 계약 해제를 요구할 수 있으며, 이 경우 계약 해제에 따른 환급 및 배상 문제도 고려해야 합니다. 

정확한 상황에 따라 다를 수 있으므로, 구체적인 사례에 대한 추가 정보가 필요할 수 있습니다.",0.0,1.0
소비자가 맞춤 정장을 주문했는데 봉제 불량으로 여러 부위 실풀림이 발생했지만 판매자는 수선만 고집합니다. 주문 시 지불한 금액 모두를 환불 받을 수 있나요?,"소비자가 맞춤 정장을 주문했으나 봉제 불량으로 실풀림이 발생한 경우, 소비자는 환급을 요청할 수 있습니다. 그러나 판매자가 수선만 고집하는 상황에서는 다음과 같은 절차를 따를 수 있습니다.

1. **무상수리**: 우선 판매자는 봉제 불량에 대해 무상으로 수리할 의무가 있습니다.
2. **교환 또는 환급**: 만약 수리가 불가능하거나 소비자가 수리를 원하지 않는 경우, 교환이나 환급을 요구할 수 있습니다. 이 경우, 소비자는 제품 구입 후 7일 이내에 손상이 없는 상태에서 교환 또는 환급을 요청해야 합니다.

따라서, 봉제 불량이 명백한 경우에는 소비자가 환급을 요구할 수 있으며, 판매자는 이를 거부할 수 없습니다. 환급 요청 시에는 영수증을 제시해야 하며, 환급은 구입가격 기준으로 이루어집니다. 

결론적으로, 소비자는 주문 시 지불한 금액 모두를 환불 받을 수 있는 권리가 있습니다.",0.7867530708275945,0.75
소비자가 맞춤 주얼리를 주문했는데 판매자가 설명한 보석 등급과 감정서 등급이 불일치합니다. 전액 환불 받을 수 있나요?,"소비자가 맞춤 주얼리를 주문했으나 판매자가 설명한 보석 등급과 감정서 등급이 불일치하는 경우, 소비자는 전액 환불을 요청할 수 있는 권리가 있습니다. 

「전자상거래 등에서의 소비자보호에 관한 법률」 제15조에 따르면, 재화의 내용이 표시·광고 내용과 다르거나 계약 내용과 다르게 이행된 경우, 소비자는 청약철회 및 환불을 요구할 수 있습니다. 따라서, 보석의 등급이 판매자가 설명한 내용과 다르다면 이는 계약 내용의 불이행으로 간주될 수 있으며, 소비자는 전액 환불을 받을 수 있는 근거가 됩니다.

또한, 맞춤 제작 상품의 경우에도 소비자가 주문한 내용과 실제 제공된 내용이 다르다면 환불이 가능하므로, 이 점을 판매자에게 주장할 수 있습니다. 

결론적으로, 보석 등급의 불일치가 확인된다면 소비자는 전액 환불을 받을 수 있습니다.",0.8357521248153308,0.1428571428571428
소비자가 맞춤 커튼을 주문했는데 설치업자가 견본과 다른 색상으로 시공했습니다. 판매자로부터 교환 또는 환불 받을 수 있나요?,"소비자가 맞춤 커튼을 주문했으나 설치업자가 견본과 다른 색상으로 시공한 경우, 소비자는 교환 또는 환불을 요구할 수 있습니다. 

이 경우, 소비자는 계약 당시 제공된 견본과 실제 시공된 제품의 색상이 다르다는 점을 근거로 하여, 소비자보호법 및 전자상거래법에 따라 계약 내용과 다르게 이행된 것으로 볼 수 있습니다. 따라서, 소비자는 판매자에게 교환 또는 환불을 요구할 수 있으며, 판매자는 이에 응해야 할 의무가 있습니다.

특히, 소비자가 주문한 제품이 견본과 다르게 제공된 경우, 이는 소비자가 기대한 품질과 일치하지 않으므로, 소비자는 정당한 사유로 계약을 해제하고 환급을 요구할 수 있습니다. 

이와 관련된 구체적인 사례로는, 소비자가 구입한 제품이 광고나 계약 내용과 다를 경우, 판매자가 반품에 필요한 비용을 부담해야 한다는 규정이 있습니다. 따라서, 소비자는 판매자에게 교환 또는 환불을 요구할 수 있는 권리가 있습니다.",0.8435921386072582,0.9166666666666666
소비자가 무농약 표기를 보고 과일 세트를 샀는데 판매자가 시험성적서를 제시하지 못합니다. 판매자로부터 교환 또는 환불 받을 수 있나요?,"소비자가 무농약 표기를 보고 과일 세트를 구매했으나, 판매자가 시험성적서를 제시하지 못하는 경우, 소비자는 교환 또는 환불을 요청할 수 있습니다. 

「전자상거래 등에서의 소비자보호에 관한 법률」 제17조 제3항에 따르면, 재화의 내용이 표시·광고의 내용과 다르거나 계약내용과 다르게 이행된 경우, 소비자는 그 사실을 안 날부터 30일 이내에 청약철회를 할 수 있습니다. 무농약 표기는 소비자가 기대하는 품질의 기준이므로, 판매자가 이를 입증할 수 있는 시험성적서를 제시하지 못한다면, 이는 계약 내용과 다르게 이행된 것으로 볼 수 있습니다.

따라서, 소비자는 판매자에게 교환 또는 환불을 요구할 수 있으며, 판매자는 이를 수용해야 할 의무가 있습니다.",0.839848421151992,0.1428571428571428
소비자가 무선 청소기를 구매했는데 광고의 연속 사용시간과 달리 20분 수준에 그칩니다. 환불이 가능한가요?,"소비자가 무선 청소기를 구매했는데 광고된 연속 사용시간과 실제 사용시간이 다르다면, 이는 계약 내용과 다르게 이행된 경우로 볼 수 있습니다. 「전자상거래 등에서의 소비자보호에 관한 법률」 제17조 제3항에 따르면, 재화의 내용이 표시·광고의 내용과 다르거나 계약 내용과 다르게 이행된 경우, 소비자는 그 사실을 안 날부터 30일 이내에 청약철회를 할 수 있습니다.

따라서, 소비자가 청소기를 받은 후 광고된 연속 사용시간과 실제 사용시간의 차이를 인지한 날로부터 30일 이내에 청약철회를 의사표시하면 환불이 가능할 것으로 보입니다. 이 경우, 소비자는 청약철회 의사를 명확히 전달해야 하며, 반품에 따른 택배비 부담에 대한 사항도 확인해야 합니다.",0.7811688685871582,0.6
소비자가 묶음배송을 선택했는데 일부만 배송되고 나머지가 장기 지연됩니다. 배송이 안된 상품에 대해 환불 가능한가요?,"소비자가 묶음배송을 선택했으나 일부만 배송되고 나머지가 장기 지연되는 경우, 소비자는 배송이 지연된 상품에 대해 환불을 요청할 수 있습니다. 

전자상거래법에 따르면, 소비자는 계약 체결 후 일정 기간 내에 재화의 반환을 요구할 수 있으며, 특히 배송 지연으로 인해 피해를 입은 경우에는 손해배상을 청구할 수 있습니다. 

구체적으로, 배송 지연으로 인한 피해에 대해서는 사업자가 운송장에 기재한 운임액의 50%를 곱한 금액을 배상받을 수 있으며, 이 경우 손해배상 한도액은 50만원으로 설정되어 있습니다. 

따라서, 소비자는 배송이 지연된 상품에 대해 환불을 요청할 수 있으며, 이와 관련된 손해배상도 청구할 수 있습니다.",0.8462622485942116,0.5
소비자가 바닥 난방 공사를 의뢰했는데 시공사가 하자 발생 후 적정 기한 내 A/S를 제공하지 않습니다. 지불한 시공비 전액을 환불 받을 수 있나요?,"소비자가 바닥 난방 공사를 의뢰한 후 시공사가 하자 발생에 대해 적정 기한 내 A/S를 제공하지 않는 경우, 소비자는 다음과 같은 권리를 가집니다.

1. **하자담보책임**: 시공사가 하자 발생에 대해 책임이 있는 경우, 하자담보책임기간 내에 A/S를 제공하지 않으면 소비자는 무상수리를 요구할 수 있습니다. 만약 시공사가 이를 이행하지 않는다면, 소비자는 계약 해제를 요구할 수 있습니다.

2. **계약 해제 및 환급**: 시공사가 하자에 대한 A/S를 제공하지 않고, 소비자가 계약 해제를 원할 경우, 시공사는 소비자가 지불한 시공비 전액을 환급해야 합니다. 또한, 계약 해제에 따른 손해배상으로 총 시공비의 10%를 추가로 배상해야 합니다.

따라서, 소비자는 시공사가 적정 기한 내 A/S를 제공하지 않는 경우, 지불한 시공비 전액을 환불 받을 수 있으며, 추가적인 손해배상도 청구할 수 있습니다.",0.8194216218465143,1.0
소비자가 반품한 상품을 택배사가 분실했습니다. 이로 인해 판매자가 소비자에게 환불을 진행하였습니다. 이 때 판매자는 택배사에게 분실된 물품에 대한 대금을 변상 받을 수 있나요?,"판매자는 소비자가 반품한 상품이 택배사에 의해 분실된 경우, 택배사에게 해당 물품에 대한 대금을 변상 받을 수 있습니다. 일반적으로 택배사는 배송 중 발생한 분실에 대해 책임을 지며, 이는 전자상거래 등에서의 소비자보호에 관한 법률 및 관련 법규에 따라 소비자와 판매자 간의 계약에 포함된 사항입니다.

판매자는 택배사와의 계약에 따라 분실된 물품에 대한 보상을 청구할 수 있으며, 이 경우 택배사에 대한 손해배상 청구가 가능할 것입니다. 따라서 판매자는 소비자에게 환불을 진행한 후, 택배사에 대해 분실된 물품에 대한 대금을 청구할 수 있습니다.",0.8423560875807885,0.0
소비자가 방문 수선을 의뢰했는데 기사가 사전 동의 없이 추가 부품을 교체하고 비용을 청구했습니다. 추가 부품비용을 지불해야하나요?,"소비자가 방문 수선을 의뢰했을 때, 기사가 사전 동의 없이 추가 부품을 교체하고 비용을 청구한 경우, 소비자는 해당 추가 부품 비용을 지불할 의무가 없습니다. 

이는 소비자보호법 및 계약의 원칙에 따라, 서비스 제공자는 소비자에게 사전 동의를 받지 않고 추가 비용을 청구할 수 없기 때문입니다. 소비자는 계약 체결 시 명시된 내용에 따라 서비스와 비용에 대한 정보를 제공받아야 하며, 추가적인 비용 발생에 대해서는 반드시 사전 동의를 받아야 합니다.

따라서, 소비자는 추가 부품 비용에 대해 이의를 제기할 수 있으며, 필요시 소비자분쟁조정기관에 도움을 요청할 수 있습니다.",0.8447872357606457,0.1666666666666666
소비자가 사전에 고지된 디지털 권리 관리(DRM)가 있는 전자책 구독을 이용하는데 호환 기기로의 이동이 불가합니다. 계약 해제 및 환불이 가능한가요?,"소비자가 사전에 고지된 디지털 권리 관리(DRM)가 있는 전자책 구독을 이용하는 경우, 호환 기기로의 이동이 불가능하다는 사유만으로 계약 해제 및 환불이 가능하지 않을 수 있습니다. 

전자책 구독 서비스는 일반적으로 계약서에 명시된 조건에 따라 제공되며, DRM이 적용된 콘텐츠는 특정 기기에서만 사용 가능하도록 제한될 수 있습니다. 이 경우, 소비자는 계약 해제 및 환불을 요구하기 위해서는 해당 서비스의 이용 약관이나 계약서에 명시된 조건을 확인해야 합니다.

또한, 소비자가 청약철회 기간 내에 계약 해제를 요구할 수 있는 경우에는 법령상 청약철회가 가능한 거래로 간주될 수 있습니다. 그러나 DRM이 있는 전자책의 경우, 사용 조건이 명확히 고지되었고 소비자가 이를 인지한 상태에서 계약을 체결한 경우에는 환불이 어려울 수 있습니다.

결론적으로, 계약 해제 및 환불 가능 여부는 구체적인 계약 조건과 소비자가 사전에 고지된 내용을 얼마나 인지했는지에 따라 달라질 수 있습니다. 추가적인 법률적 조언이 필요할 경우, 관련 법령을 참조하거나 전문가와 상담하는 것이 좋습니다.",0.0,0.75
소비자가 산 신선 샐러드에서 플라스틱 이물이 발견됐는데 판매자가 사진 증빙 후에도 교환만 제안합니다. 환불 가능한가요?,"소비자가 신선 샐러드에서 플라스틱 이물이 발견된 경우, 이는 제품의 하자로 간주될 수 있습니다. 소비자분쟁해결기준에 따르면, 제품에 하자가 있을 경우 소비자는 제품교환 또는 구입가 환급을 요구할 수 있습니다. 

판매자가 교환만 제안하는 경우, 소비자는 환불을 요구할 수 있으며, 이는 소비자의 권리입니다. 따라서, 소비자는 환불을 요청할 수 있으며, 판매자는 이를 수용해야 할 의무가 있습니다. 

이와 관련하여, 소비자는 판매자에게 이물 발견에 대한 사진 증빙을 제공하고, 환불을 요구하는 것이 좋습니다. 만약 판매자가 이를 거부할 경우, 소비자 보호 기관에 상담을 요청하거나 분쟁 조정을 신청할 수 있습니다.",0.755247749283412,0.3333333333333333
소비자가 수영장 회원권을 이용하는데 수영장 내 수질의 문제로 피부염이 발생했습니다. 손해배상 가능한가요?,"소비자가 수영장 회원권을 이용하는 중 수영장 내 수질 문제로 피부염이 발생한 경우, 손해배상 가능성은 수질 문제와 피부염 간의 인과관계를 입증할 수 있는지에 따라 달라집니다. 

만약 피부염이 수영장 수질 문제로 인한 것임을 피부과 전문의의 진단 및 처방을 통해 입증할 수 있다면, 치료비 및 경비, 일실소득에 대한 배상이 가능할 수 있습니다. 이는 소비자분쟁해결기준에 따라 이물혼입이나 부작용으로 인한 피해에 대한 보상 기준에 해당합니다.

따라서, 피부염이 수영장 수질 문제와 직접적인 인과관계가 있음을 입증할 수 있는 자료를 준비하는 것이 중요합니다.",0.0,1.0
소비자가 수입 와인을 구매했는데 판매자가 표시한 알코올 도수가 실제와 달라 음용 후 이상 반응이 발생했습니다. 이로 인하여 소비자가 병원을 방문하면 판매자로부터 병원비를 보상받을 수 있나요?,"소비자가 수입 와인을 구매한 후, 판매자가 표시한 알코올 도수가 실제와 달라 음용 후 이상 반응이 발생한 경우, 소비자는 판매자에게 병원비를 보상받을 수 있는 가능성이 있습니다. 

이와 관련하여 소비자보호법 및 민법의 규정을 고려할 수 있습니다. 소비자보호법 제3조에 따르면, 소비자는 안전하고 품질이 보장된 제품을 구매할 권리가 있으며, 제품의 표시가 사실과 다를 경우 소비자는 손해배상을 청구할 수 있습니다. 또한, 민법 제750조에 따라 불법행위로 인한 손해에 대해서도 손해배상을 청구할 수 있습니다.

따라서, 소비자가 판매자에게 알코올 도수의 허위 표시로 인한 손해를 입었다고 주장하고, 이를 입증할 수 있는 자료(예: 병원 진료 기록, 제품의 알코올 도수에 대한 증거 등)를 제출할 경우, 병원비에 대한 보상을 요구할 수 있습니다. 

결론적으로, 소비자는 판매자에게 병원비를 보상받을 수 있는 법적 근거가 있으며, 이를 위해 필요한 증거를 확보하는 것이 중요합니다.",0.8446109071867985,0.0
소비자가 수입 유제품을 구매했는데 판매자가 유통기한 임박 사실을 결제 전에 고지하지 않았습니다. 환불이 가능한가요?,"소비자가 수입 유제품을 구매했는데 판매자가 유통기한 임박 사실을 결제 전에 고지하지 않았다면, 이는 소비자에게 중요한 정보가 누락된 경우로 볼 수 있습니다. 「전자상거래 등에서의 소비자보호에 관한 법률」 제17조에 따르면, 소비자는 재화의 내용이 표시·광고 내용과 다르거나 계약내용과 다르게 이행된 경우 청약철회가 가능하다고 규정하고 있습니다.

따라서, 유통기한 임박 사실이 소비자가 구매 결정을 내리는 데 중요한 요소였다면, 소비자는 청약철회를 요구할 수 있으며, 환불이 가능할 것으로 판단됩니다. 이 경우, 판매자는 소비자에게 환급을 해야 할 책임이 있습니다. 

결론적으로, 유통기한 임박 사실이 고지되지 않았다면 환불이 가능하다고 할 수 있습니다.",0.8170999322481881,0.1428571428571428
소비자가 수제 케이크(개인 문구 각인)를 수령했는데 판매자가 위생불량 민원을 부인하며 재제작만 제안합니다. 소비자는 환불 받을 수 있나요?,"소비자가 수제 케이크를 수령했으나 위생불량 문제로 환불을 원할 경우, 소비자는 「전자상거래 등에서의 소비자보호에 관한 법률(전자상거래법)」에 따라 환불을 요청할 수 있는 권리가 있습니다.

전자상거래법 제17조 제3항에 따르면, 재화의 내용이 표시·광고의 내용과 다르거나 소비자가 기대한 품질에 미치지 않는 경우, 소비자는 청약철회를 할 수 있습니다. 만약 수제 케이크가 위생적으로 문제가 있다면, 이는 소비자가 기대한 품질에 미치지 않는 것으로 볼 수 있습니다.

따라서 소비자는 환불을 요구할 수 있으며, 판매자가 재제작만 제안하는 것은 소비자의 권리를 충분히 존중하지 않는 것으로 판단될 수 있습니다. 이 경우, 소비자는 환불을 요구할 수 있으며, 판매자는 이에 따라 환불 절차를 진행해야 할 의무가 있습니다.",0.8260768212337734,0.1111111111111111
소비자가 숙소 ‘전망 객실’을 예약했는데 호텔이 공사 가림막으로 전망 제공이 불가했습니다. 손해배상 책임이 인정되나요?,"소비자가 숙소 '전망 객실'을 예약했으나 호텔이 공사 가림막으로 인해 전망을 제공하지 못한 경우, 이는 소비자가 기대한 서비스의 제공이 이루어지지 않은 것으로 볼 수 있습니다. 이 경우, 소비자는 손해배상을 청구할 수 있는 가능성이 있습니다.

민법 제 750조에 따르면, 계약의 이행이 불가능하거나 이행이 불완전한 경우에는 손해배상 책임이 발생할 수 있습니다. 또한, 소비자보호법 제 3조에 따르면, 소비자는 상품이나 서비스에 대해 정확하고 진실된 정보를 제공받을 권리가 있습니다. 만약 호텔이 '전망 객실'이라는 명칭으로 광고하였으나 실제로는 전망이 제공되지 않았다면, 이는 거짓 또는 과장된 광고로 간주될 수 있습니다.

따라서, 소비자는 호텔에 대해 손해배상을 청구할 수 있으며, 구체적인 배상액은 계약의 내용, 소비자가 지불한 금액, 그리고 소비자가 입은 손해의 정도에 따라 달라질 수 있습니다.",0.8472643872445769,0.0
소비자가 스마트 도어락 설치를 의뢰했는데 오작동으로 외부에 고립되는 사고가 발생했습니다. 이 때 소비자는 설치자로 부터 손해배상 청구가 가능한가요?,"소비자가 스마트 도어락 설치를 의뢰했는데 오작동으로 외부에 고립되는 사고가 발생한 경우, 소비자는 설치자로부터 손해배상을 청구할 수 있습니다. 

설치자가 설치 과정에서 발생한 하자로 인해 소비자에게 손해가 발생한 경우, 설치자는 손해배상 책임이 있습니다. 이는 설치에 대한 품질보증기간이 1년으로 설정되어 있으며, 설치로 인해 발생한 하자에 대해 설치비 환급 및 손해배상이 가능하다는 기준에 따라 판단할 수 있습니다.

따라서, 소비자는 설치자가 설치한 스마트 도어락의 오작동으로 인해 발생한 손해에 대해 손해배상을 청구할 수 있습니다.",0.8340269168845443,0.5
소비자가 스마트워치를 정상 사용 중 과열로 화상을 입었습니다. 화상으로 인한 치료비를 판매자에게 보상받을 수 있나요?,"소비자가 스마트워치를 정상 사용 중 과열로 화상을 입었다면, 화상으로 인한 치료비를 판매자에게 보상받을 수 있는 가능성이 있습니다. 

소비자보호법 및 관련 법률에 따르면, 제품에 결함이 있어 소비자가 피해를 입은 경우, 소비자는 판매자에게 손해배상을 청구할 수 있습니다. 특히, 제품의 안전성이 확보되지 않았거나 사용 중 발생한 과열로 인해 화상이 발생한 경우, 이는 제조물 책임에 해당할 수 있습니다.

또한, 소비자분쟁해결기준에 따르면, 제품 사용 중 발생한 하자나 결함으로 인해 소비자가 피해를 입은 경우, 해당 피해에 대한 보상을 요구할 수 있습니다. 따라서, 소비자는 치료비를 포함한 손해배상을 판매자에게 요구할 수 있으며, 판매자는 제품의 결함 여부를 입증해야 할 책임이 있습니다.

이와 관련된 구체적인 사례로는 온수매트 사용 중 화상을 입은 사례가 있습니다. 이 경우, 소비자는 치료비를 청구할 수 있었고, 판매자는 제품의 이상 여부를 입증하지 못해 보상을 하게 되었습니다. 

따라서, 스마트워치의 과열로 인한 화상 치료비에 대해서도 유사한 원칙이 적용될 수 있습니다. 소비자는 관련 증거를 수집하여 판매자에게 보상을 요구할 수 있습니다.",0.8432380164873198,0.7777777777777778
소비자가 스마트폰을 수리점에 택배로 맡겼는데 수리점이 분실했다고 통보했습니다. 이 때 분실한 스마트폰 대금을 수리점에 청구 할 수있나요?,"소비자가 스마트폰을 수리점에 택배로 맡겼으나 수리점이 이를 분실한 경우, 소비자는 수리점에 대해 스마트폰의 대금을 청구할 수 있습니다. 이는 수리점이 소비자로부터 맡은 물품을 안전하게 보관할 의무가 있기 때문입니다. 

민법 제 390조에 따르면, 물건의 보관자는 그 물건을 안전하게 보관할 의무가 있으며, 이를 위반하여 물건을 분실한 경우에는 손해배상 책임이 있습니다. 따라서 수리점이 소비자의 스마트폰을 분실한 경우, 소비자는 수리점에 대해 손해배상을 청구할 수 있으며, 이는 스마트폰의 대금에 해당합니다.

또한, 소비자는 수리점에 대해 분실에 대한 책임을 물을 수 있으며, 이 경우 수리점은 소비자에게 스마트폰의 대금을 환급해야 할 의무가 있습니다.",0.8418111673088307,0.1111111111111111
소비자가 스마트홈 전구를 샀는데 판매자가 안전인증 표시와 다른 모델을 납품했습니다. 환불이 가능한가요?,"소비자가 스마트홈 전구를 구매했으나 판매자가 안전인증 표시와 다른 모델을 납품한 경우, 이는 계약 내용과 다르게 이행된 것으로 볼 수 있습니다. 「전자상거래 등에서의 소비자보호에 관한 법률」 제17조 제3항에 따르면, 재화의 내용이 표시·광고의 내용과 다르거나 계약 내용과 다르게 이행된 경우, 소비자는 그 사실을 안 날부터 30일 이내에 청약철회를 할 수 있습니다.

따라서, 소비자가 안전인증 표시와 다른 모델을 받은 사실을 인지한 날로부터 30일 이내에 청약철회를 의사표시하면 환불이 가능할 것으로 보입니다. 다만, 반품에 따른 택배비 부담에 대한 사항은 판매자와의 협의가 필요할 수 있습니다.",0.0,0.8
소비자가 에어컨 설치를 의뢰했는데 배관 누설로 벽지와 바닥이 훼손되었습니다. 이 때 에어컨 설치자에게 벽지와 바닥 수리비에 대해 손해배상 청구 할 수 있나요?,"소비자가 에어컨 설치를 의뢰했는데 배관 누설로 인해 벽지와 바닥이 훼손된 경우, 에어컨 설치자에게 손해배상을 청구할 수 있는 가능성이 있습니다. 

이와 관련하여, 설치자가 설치 과정에서 적절한 시공을 하지 않았거나, 소비자에게 설치 방법 및 주의사항에 대한 충분한 설명을 하지 않았다면, 설치자의 과실이 인정될 수 있습니다. 예를 들어, 설치자가 배관 누설을 방지하기 위한 조치를 취하지 않았거나, 소비자에게 설치 후 발생할 수 있는 문제에 대해 충분히 설명하지 않았다면, 손해배상 책임이 있을 수 있습니다.

그러나 소비자에게도 일정 부분 과실이 있을 수 있으며, 이 경우 손해배상액이 제한될 수 있습니다. 예를 들어, 소비자가 설치 전 설치 위치에 대해 충분한 상의를 하지 않았거나, 설치 후 즉시 문제를 제기하지 않았다면, 이러한 점이 손해배상 청구에 영향을 미칠 수 있습니다.

결론적으로, 손해배상 청구는 가능하지만, 구체적인 상황에 따라 설치자의 과실 여부와 소비자의 과실 정도를 고려하여 판단해야 합니다.",0.0,1.0
소비자가 온라인 가구 조립 옵션을 결제했는데 배정된 설치 기사가 없어 설치가 지연됩니다. 환불 가능한가요?,"소비자가 온라인 가구 조립 옵션을 결제했으나 배정된 설치 기사가 없어 설치가 지연되는 경우, 소비자는 환불을 요구할 수 있습니다. 

가전제품 설치업에 대한 규정에 따르면, 설치하자로 인해 제품에 하자가 발생하는 경우에는 설치비 환급 및 하자 발생한 제품에 대한 손해배상이 가능하다고 명시되어 있습니다. 설치가 지연되어 소비자가 불편을 겪는 경우, 이는 설치하자로 간주될 수 있으며, 소비자는 설치비 환급을 요구할 수 있습니다.

따라서, 소비자는 설치 지연에 대한 이유를 사업자에게 명확히 전달하고 환불을 요청할 수 있습니다. 만약 사업자가 환불을 거부할 경우, 소비자는 소비자보호 관련 법률에 따라 분쟁 조정을 요청할 수 있습니다.",0.8246629525918295,0.3333333333333333
소비자가 온라인 강의 패키지를 결제했는데 교육사가 예고 없이 핵심 강의를 삭제했습니다. 계약 해제 및 환불이 가능한가요?,"소비자가 온라인 강의 패키지를 결제한 후 교육사가 예고 없이 핵심 강의를 삭제한 경우, 계약 해제 및 환불이 가능한지 여부는 몇 가지 요소에 따라 달라질 수 있습니다.

1. **계약 내용 확인**: 소비자가 결제한 강의 패키지의 계약 내용에 핵심 강의가 포함되어 있었는지 확인해야 합니다. 만약 핵심 강의가 계약의 중요한 요소라면, 삭제는 계약 위반으로 간주될 수 있습니다.

2. **이용약관 검토**: 사업자의 이용약관에 강의 삭제나 변경에 대한 규정이 있는지 확인해야 합니다. 만약 이용약관에서 강의의 삭제가 가능하다고 명시되어 있다면, 소비자는 환불을 요구하기 어려울 수 있습니다.

3. **소비자 보호법 적용**: 소비자는 제공받기로 한 서비스의 내용이 변경되었을 경우, 계약 해제 및 환불을 요구할 수 있는 권리가 있습니다. 특히, 핵심 강의가 삭제된 경우 이는 소비자가 기대한 서비스의 본질적인 부분이므로, 환불 요구가 정당할 수 있습니다.

결론적으로, 핵심 강의의 삭제가 계약의 본질적인 요소를 침해한 경우라면 소비자는 계약 해제 및 환불을 요구할 수 있습니다. 그러나 구체적인 상황에 따라 다를 수 있으므로, 관련 법률 및 이용약관을 면밀히 검토하는 것이 중요합니다.",0.0,0.7777777777777778
소비자가 온라인 정육점에서 구입한 육류의 원산지 표시가 공표 내용과 다른 것으로 확인됐습니다. 판매자로부터 교환 또는 환불 받을 수 있나요?,"소비자가 온라인 정육점에서 구입한 육류의 원산지 표시가 공표 내용과 다르다면, 이는 소비자 보호법 및 전자상거래법에 따라 소비자가 교환 또는 환불을 요청할 수 있는 사유가 됩니다.

「소비자기본법 시행령」 제8조 제2항에 따르면, 소비자는 재화의 내용이 표시·광고 내용과 다르거나 계약 내용과 다르게 이행된 경우, 청약철회 및 환불을 요구할 수 있습니다. 따라서 원산지 표시가 잘못된 경우, 소비자는 해당 육류에 대해 교환 또는 환불을 요청할 수 있습니다.

판매자는 소비자의 요청에 따라 교환 또는 환불을 진행해야 할 의무가 있으며, 이 경우 발생하는 비용은 판매자가 부담해야 합니다. 소비자는 이러한 권리를 행사하기 위해 판매자에게 즉시 연락하여 문제를 제기하는 것이 좋습니다.",0.8320662188327205,0.3333333333333333
소비자가 유료 앱을 이용하는데 사업자가 업데이트로 핵심 기능을 제거했습니다. 계약 해제 및 환불이 가능한가요?,"소비자가 유료 앱을 이용하는 중에 사업자가 업데이트로 핵심 기능을 제거한 경우, 이는 소비자가 기대했던 서비스의 내용이 변경된 것으로 볼 수 있습니다. 이 경우, 소비자는 계약 해제 및 환불을 요구할 수 있는 근거가 있을 수 있습니다.

특히, 허위 또는 과장 광고에 의한 이용계약의 경우 계약 해제 및 이용료 전액 환급이 가능하므로, 핵심 기능 제거가 소비자에게 중대한 영향을 미쳤다면, 소비자는 계약 해제를 요구할 수 있습니다. 

또한, 서비스 중지나 장애와 관련된 규정에 따라, 만약 핵심 기능 제거가 서비스 중지나 장애로 간주될 수 있다면, 소비자는 계약 해제 및 잔여기간에 대한 이용료 환급을 요구할 수 있습니다.

결론적으로, 소비자는 계약 해제 및 환불을 요구할 수 있는 가능성이 있으며, 구체적인 상황에 따라 다를 수 있으므로, 사업자와의 협의를 통해 해결하는 것이 좋습니다.",0.0,0.2857142857142857
소비자가 인터넷 통신을 이용하는데 통신사가 6시간 이상 장애를 발생시켜 재택근무에 지장을 초래했습니다. 손해배상 책임이 인정되나요?,"소비자가 인터넷 통신을 이용하는 중 통신사가 6시간 이상 서비스 중지 또는 장애를 발생시킨 경우, 손해배상 책임이 인정될 수 있습니다. 

제시된 문서에 따르면, 6시간 이상 서비스 중지 또는 장애로 인한 피해에 대해서는 손해배상이 가능하다고 명시되어 있습니다. 다만, 손해가 천재지변 등 불가항력이나 소비자의 고의 또는 과실로 인해 발생한 경우에는 배상에서 제외됩니다. 

따라서, 통신사의 장애가 소비자의 고의나 과실과 무관하게 발생한 경우, 손해배상 책임이 인정될 가능성이 높습니다. 소비자는 통신사에 해당 장애에 대한 통지를 한 후 손해배상을 청구할 수 있습니다.",0.8287390147332011,0.8
소비자가 자유여행 묶음상품을 구입했는데 숙박업자가 이중 예약으로 체크인을 거부했습니다. 손해배상 책임이 인정되나요?,"소비자가 자유여행 묶음상품을 구입했으나 숙박업자가 이중 예약으로 인해 체크인을 거부한 경우, 숙박업체의 고의 또는 과실로 인해 소비자가 입은 손해에 대해 손해배상 책임이 인정될 수 있습니다. 

여행사는 계약 조건을 준수해야 하며, 숙박업체의 이중 예약으로 인해 소비자가 여행 중 불편을 겪거나 추가 비용이 발생한 경우, 이는 여행사의 계약 위반으로 간주될 수 있습니다. 따라서 소비자는 손해배상을 청구할 수 있는 권리가 있습니다.

이와 관련하여, 소비자분쟁해결기준에 따르면 여행사가 고의 또는 과실로 인해 발생한 피해에 대해 손해배상을 해야 하며, 소비자는 해당 손해를 입증해야 합니다. 만약 손해액이 구체적으로 입증되지 않는 경우, 소비자는 여행대금의 일정 비율(예: 10%)에 해당하는 금액을 배상받을 수 있습니다. 

결론적으로, 숙박업체의 이중 예약으로 인한 체크인 거부는 손해배상 책임이 인정될 수 있는 사유입니다.",0.8436508719555582,0.625
소비자가 저온보관이 필요한 수제청을 구매했는데 판매자가 폭염에도 지연 배송을 하여 변질이 의심됩니다. 교환 또는 환불 가능한가요?,"소비자가 저온 보관이 필요한 수제청을 구매했으나, 판매자가 폭염에도 불구하고 지연 배송을 하여 변질이 의심되는 경우, 교환 또는 환불이 가능할 수 있습니다.

이 경우, 소비자는 제품의 하자(변질)로 인해 교환이나 환불을 요구할 수 있는 권리가 있습니다. 「소비자기본법 시행령」 제8조 제2항에 따르면, 소비자는 제품에 하자가 있을 경우 동일한 새 제품으로 교환을 요구할 수 있으며, 교환이 불가능한 경우에는 환급을 요구할 수 있습니다.

따라서, 수제청이 변질된 것으로 판단될 경우, 소비자는 판매자에게 교환 또는 환불을 요청할 수 있으며, 판매자는 이에 응해야 할 의무가 있습니다. 변질의 증거(예: 사진, 변질된 상태의 설명 등)를 확보하는 것이 좋습니다.",0.7902859485167522,0.4444444444444444
소비자가 전동 킥보드 공유 서비스를 이용했는데 기기 고장으로 중도 종료되었으나 결제는 정상 처리됐습니다. 환불이 가능한가요?,"소비자가 전동 킥보드 공유 서비스를 이용하다가 기기 고장으로 인해 서비스가 중도 종료되었으나 결제가 정상 처리된 경우, 환불 가능 여부는 다음과 같은 기준에 따라 판단할 수 있습니다.

1. **서비스 이행 지연 및 고장**: 기기 고장으로 인해 서비스가 중단된 경우, 이는 사업자의 사정으로 인한 계약 해지로 볼 수 있습니다. 이 경우 소비자는 미이행된 서비스에 해당하는 요금에서 일정 비율을 공제한 후 잔액을 환급받을 수 있습니다.

2. **환급 기준**: 일반적으로 미이행된 서비스에 대해 30%를 공제한 후 잔액을 환급받는 것이 원칙입니다. 따라서 소비자는 기기 고장으로 인해 사용하지 못한 시간에 대한 환급을 요청할 수 있습니다.

결론적으로, 소비자는 전동 킥보드 공유 서비스의 기기 고장으로 인해 중도 종료된 경우 환불을 요청할 수 있으며, 환불 금액은 미이행된 서비스에 대한 요금에서 일정 비율을 공제한 후 결정됩니다.",0.8191751727589333,0.6
소비자가 전자책 구독 서비스를 이용하는데 사업자가 자동갱신 전에 사전 고지를 하지 않고 결제 처리했습니다. 계약 해제 및 환불이 가능한가요?,"소비자가 전자책 구독 서비스를 이용하는 중 사업자가 자동갱신 전에 사전 고지를 하지 않고 결제 처리를 한 경우, 소비자는 계약 해제 및 환불을 요구할 수 있습니다. 

전자상거래법에 따르면, 사업자는 계약 전 중요사항을 고지해야 하며, 여기에는 서비스의 가격, 지급 방법, 제공 기간 및 청약 철회와 계약 해제에 관한 사항이 포함됩니다. 만약 사업자가 이러한 중요사항을 고지하지 않았다면, 소비자는 계약을 취소할 수 있는 권리가 있습니다.

따라서, 소비자는 계약 해제를 요청하고, 잔여기간에 해당하는 이용료를 환급받을 수 있습니다. 환급 시에는 해지일까지의 이용일수에 해당하는 금액과 잔여기간 이용료의 10%를 공제한 후 환급받게 됩니다.",0.8537679144886369,0.8333333333333334
소비자가 전자책 리더기를 샀는데 제조사가 번들 전자책의 지역 제한을 사전에 고지하지 않아 다운로드가 불가합니다. 계약 해제 및 환불이 가능한가요?,"소비자가 전자책 리더기를 구입했으나 제조사가 번들 전자책의 지역 제한을 사전에 고지하지 않아 다운로드가 불가능한 경우, 이는 허위 또는 과장 광고에 해당할 수 있습니다. 이 경우 소비자는 계약 해제 및 이용료 전액 환급을 요구할 수 있습니다.

따라서, 소비자는 해당 제조사에 계약 해제를 요청하고 환불을 요구할 수 있으며, 이와 관련된 법적 근거는 「소비자분쟁해결기준」에 명시되어 있습니다. 소비자는 계약 해제에 따른 환급을 받을 권리가 있으며, 제조사는 이를 이행해야 할 의무가 있습니다.",0.8470091800179125,0.4444444444444444
소비자가 정수기 렌탈을 이용하는데 렌탈사가 설치를 계약일로부터 7일 이상 지연했습니다. 손해배상 책임이 인정되나요?,"정수기 렌탈 계약에서 설치가 계약일로부터 7일 이상 지연된 경우, 소비자는 손해배상 책임을 주장할 수 있습니다. 

민법 제 390조에 따르면, 채무자가 채무를 이행하지 않거나 이행이 지연된 경우, 채무불이행으로 인한 손해배상을 청구할 수 있습니다. 따라서 렌탈사가 설치를 지연함으로써 소비자가 입은 손해에 대해 손해배상을 요구할 수 있는 근거가 됩니다.

또한, 소비자는 계약의 해지 및 위약금 면제와 같은 권리도 행사할 수 있으며, 이 경우에는 계약서의 약관에 따라 적절한 절차를 따라야 합니다. 

따라서, 설치 지연으로 인한 손해배상 책임이 인정될 가능성이 높습니다. 소비자는 구체적인 손해를 입증할 필요가 있으며, 이를 통해 손해배상을 청구할 수 있습니다.",0.8146725825302225,0.25
소비자가 정수기 렌탈을 해지하려는데 렌탈사가 과다한 철거비와 위약금을 청구합니다. 이때 부당 위약금에 대해 환급이 가능한가요?,"소비자가 정수기 렌탈 계약을 해지할 때, 렌탈사가 청구하는 위약금과 철거비가 과다하다고 느낀다면, 소비자는 해당 금액이 약관이나 계약서에 명시된 내용과 일치하는지를 확인해야 합니다. 

제공된 문서에 따르면, 위약금은 고객의 의무사용기간 중 계약 해지 시 잔여 월 렌탈료의 30% 또는 10%에 해당하는 금액으로 정해져 있으며, 철거비용 등은 소비자가 부담하되, 이러한 비용이 약관이나 계약서에 명시되고 고지된 경우에 한합니다. 

따라서, 소비자가 청구된 위약금이나 철거비가 약관에 명시된 내용과 다르거나 과다하다고 판단될 경우, 해당 금액에 대해 이의를 제기할 수 있으며, 부당한 위약금에 대해서는 환급을 요구할 수 있습니다. 이 경우, 계약서의 내용을 근거로 하여 소비자는 자신의 주장을 뒷받침할 수 있는 자료를 준비하는 것이 중요합니다. 

결론적으로, 부당한 위약금에 대해 환급을 요구할 수 있으며, 이를 위해 계약서와 약관을 면밀히 검토해야 합니다.",0.7866881922738546,0.5714285714285714
소비자가 중개형 플랫폼을 통해 구매했는데 입점 판매자가 환불을 지연·거부하고 플랫폼은 개입을 회피합니다. 계약 해제 및 환불이 가능한가요?,"소비자가 중개형 플랫폼을 통해 구매한 경우, 환불 및 계약 해제에 대한 권리는 소비자 보호법 및 전자상거래법에 따라 보호받습니다. 

1. **계약 해제**: 소비자는 구매 후 7일 이내에 청약철회를 요구할 수 있습니다. 이 경우, 유료 게임 및 유료 아이템의 구입가는 환급받을 수 있습니다. 따라서, 소비자가 구매한 상품이 이러한 조건에 해당한다면 계약 해제가 가능합니다.

2. **환불 지연 및 거부**: 입점 판매자가 환불을 지연하거나 거부하는 경우, 소비자는 해당 판매자에게 직접 환불을 요구할 수 있으며, 플랫폼은 중개자로서 소비자의 권리를 보호할 의무가 있습니다. 플랫폼이 개입을 회피하는 경우, 소비자는 소비자 보호 기관에 신고하거나 법적 조치를 취할 수 있습니다.

결론적으로, 소비자는 계약 해제 및 환불을 요구할 수 있으며, 판매자가 이를 거부할 경우 추가적인 조치를 취할 수 있습니다.",0.8402678360158123,0.2222222222222222
소비자가 중고거래 플랫폼에서 정품으로 인증한 명품을 구매 했습니다. 하지만 해당 명품이 가품으로 판명되었을 시 소비자는 플랫폼으로부터 환불 받을 수 있나요?,"소비자가 중고거래 플랫폼에서 정품으로 인증한 명품을 구매했으나, 해당 명품이 가품으로 판명된 경우, 소비자는 플랫폼으로부터 환불을 받을 수 있습니다. 

이 경우, 소비자는 「전자상거래 등에서의 소비자보호에 관한 법률」에 따라 제품이 계약 내용과 다르게 이행된 것으로 간주될 수 있습니다. 소비자는 제품을 공급받은 날로부터 7일 이내에 청약을 철회할 수 있으며, 제품이 계약 내용과 다르게 이행된 경우에는 그 사실을 알게 된 날로부터 30일 이내에 청약을 철회할 수 있습니다.

따라서, 소비자는 가품으로 판명된 사실을 알게 된 날로부터 30일 이내에 플랫폼에 환불 요청을 할 수 있으며, 플랫폼은 소비자에게 환불을 진행해야 할 의무가 있습니다. 다만, 플랫폼의 이용 약관이나 정책에 따라 구체적인 절차가 다를 수 있으므로, 해당 플랫폼의 환불 정책을 확인하는 것이 중요합니다.",0.8188965157476341,0.3333333333333333
소비자가 창호 교체를 맡겼는데 시공사가 법정 성능 기준 미달 제품을 사용했습니다. 환불 기준에 부합하나요?,"소비자가 창호 교체를 맡겼으나 시공사가 법정 성능 기준 미달 제품을 사용한 경우, 이는 소비자 보호법 및 민법에 따라 환불 기준에 부합할 수 있습니다.

소비자분쟁해결기준에 따르면, 제품이 법정 성능 기준에 미달할 경우 소비자는 계약 해제 및 구입가 환급을 요구할 수 있습니다. 특히, 제품이 통상 지니고 있어야 할 품질, 성능, 안전성 등을 갖추지 못한 경우에는 그 가치나 적합성이 일정한 기준에 미달한다고 판단할 수 있습니다.

또한, 민법 제580조에 따르면, 목적물의 하자로 인해 계약을 해제하고 매도인에게 구입가 환급을 받기 위해서는 그러한 하자로 인해 계약의 목적을 달성할 수 없을 정도에 이르러야 합니다. 법정 성능 기준 미달 제품이 사용된 경우, 이는 계약의 목적을 달성할 수 없게 만들 수 있으므로 환불 요구가 정당할 수 있습니다.

따라서, 시공사가 법정 성능 기준 미달 제품을 사용한 경우, 소비자는 환불을 요구할 수 있는 충분한 근거가 있습니다.",0.8027945547924847,0.5
소비자가 캠핑장을 예약했는데 사업자가 이용 2일 전에 일방적으로 취소 통보를 했습니다. 손해배상 책임이 인정되나요?,"사업자가 소비자에게 이용 2일 전에 일방적으로 예약을 취소한 경우, 사업자는 손해배상 책임이 인정될 수 있습니다. 일반적으로 소비자분쟁 해결 기준에 따르면, 사업자의 귀책사유로 인한 계약 해제 시 소비자는 계약금 환급 및 손해배상을 요구할 수 있습니다.

따라서, 소비자는 계약금 환급과 함께 발생한 손해에 대한 배상을 청구할 수 있으며, 손해배상액은 계약의 내용과 소비자가 입은 실제 손해에 따라 결정될 것입니다. 이 경우, 소비자는 사업자에게 손해배상을 요구할 수 있는 권리가 있습니다.",0.8409037936688537,0.6
소비자가 크라우드펀딩 리워드를 후원했는데 사업자가 6개월 이상 배송을 지연하고 품질 하자까지 발생했습니다. 계약 해제 및 환불이 가능한가요?,"소비자가 크라우드펀딩 리워드를 후원한 경우, 사업자가 6개월 이상 배송을 지연하고 품질 하자가 발생한 상황에서는 계약 해제 및 환불이 가능합니다. 

전자상거래법에 따르면, 소비자는 상품이 배송되지 않거나 품질에 하자가 있는 경우 계약을 해제하고 환불을 요구할 수 있는 권리가 있습니다. 특히, 배송 지연이 6개월 이상 지속되었다면 이는 소비자가 계약 해제를 요구할 수 있는 정당한 사유가 됩니다.

또한, 소비자보호법에 따라 소비자는 계약 해제 시 전액 환급을 받을 수 있으며, 사업자는 소비자가 요구하는 환급을 지체 없이 이행해야 합니다. 

따라서, 소비자는 계약 해제를 요구하고 환불을 받을 수 있는 권리가 있습니다.",0.842202314773654,0.0
소비자가 키오스크로 결제했는데 가맹점이 시스템 오류로 중복 결제를 환급 지연합니다. 환급 지연에 대한 이자보상을 받을 수 있나요?,"소비자가 키오스크로 결제한 후 가맹점의 시스템 오류로 인해 중복 결제가 발생하고, 환급이 지연되는 경우, 소비자는 환급 지연에 대한 이자 보상을 받을 수 있습니다. 

관련 법규에 따르면, 피신청인이 환급을 지체할 경우, 지연된 금액에 대해 연 6%의 비율로 지연배상금을 가산하여 지급해야 합니다. 이는 소비자 보호를 위한 조치로, 소비자가 정당한 이유로 환급을 요구할 때 발생하는 손해를 보상받을 수 있도록 규정되어 있습니다.

따라서, 환급이 지연된 경우에는 해당 금액에 대해 지연배상금을 청구할 수 있습니다.",0.8457400101102723,0.3333333333333333
소비자가 태양광 설비 시공을 맡겼는데 제어 장치 오설치로 발전량이 현저히 저하되었습니다. 이 때 소비자가 받을 수 있는 조치는?,"소비자가 태양광 설비 시공을 맡겼는데 제어 장치의 오설치로 인해 발전량이 현저히 저하된 경우, 소비자는 다음과 같은 조치를 취할 수 있습니다.

1. **손해배상 청구**: 제어 장치의 오설치로 인해 발생한 손해에 대해 사업자에게 손해배상을 청구할 수 있습니다. 이는 소비자의 재산에 대한 피해로 간주될 수 있습니다.

2. **설치비 환급**: 만약 설치가 하자로 인해 문제가 발생한 경우, 설치비 환급을 요구할 수 있습니다.

3. **수리 또는 원상회복**: 사업자는 하자로 인해 발생한 문제를 수리하거나 원상회복을 해야 할 의무가 있습니다. 수리가 불가능할 경우, 현품 또는 현금으로 배상받을 수 있습니다.

이와 같은 조치는 소비자보호법 및 민법에 근거하여 진행될 수 있으며, 소비자는 피해 발생에 대한 증거를 확보하고 사업자와의 협의를 통해 문제를 해결할 수 있습니다.",0.8372097866293933,0.3636363636363636
소비자가 택배 반품 접수를 했는데 판매자가 회수 지연을 이유로 환불을 미룹니다. 환불 지연에 따른 손해배상 청구 가능한가요?,"소비자가 택배 반품 접수를 했음에도 불구하고 판매자가 회수 지연을 이유로 환불을 미루는 경우, 소비자는 환불 지연에 따른 손해배상을 청구할 수 있습니다. 

전자상거래 등에서의 소비자보호에 관한 법률 제17조에 따르면, 소비자는 재화의 반환을 요청할 수 있으며, 통신판매업자는 이를 수용해야 할 의무가 있습니다. 또한, 제18조에 따르면, 판매자는 소비자로부터 재화를 반환받은 날로부터 3영업일 이내에 대금을 환급해야 합니다. 만약 판매자가 이 의무를 이행하지 않을 경우, 소비자는 지연손해금을 청구할 수 있습니다. 

따라서, 환불이 지연된 경우에는 소비자는 미지급 금액에 대해 연 15%의 비율로 지연손해금을 청구할 수 있습니다. 이와 관련하여 구체적인 상황에 따라 추가적인 법적 조치를 고려할 수 있으므로, 필요시 법률 전문가와 상담하는 것이 좋습니다.",0.0,0.375
소비자가 택배 조회에서 배송완료로 표시되었는데 실제 물품을 수령하지 못했습니다. 지연배상 가능한가요?,"소비자가 택배 조회에서 배송완료로 표시되었으나 실제로 물품을 수령하지 못한 경우, 지연배상은 가능합니다. 

택배의 배달지연으로 인한 피해에 대한 보상 기준은 다음과 같습니다:

1. 일반적인 경우: 인도예정일을 초과한 일수에 대해 사업자가 운송장에 기재한 운임액의 50%를 곱한 금액을 배상합니다. 다만, 운송장 기재 운임액의 200%를 한도로 합니다.
2. 소비자가 운송장에 운송물의 가액을 기재하지 않은 경우, 손해배상 한도액은 50만원으로 제한됩니다.

따라서, 소비자는 배송이 완료되었다고 표시되었으나 실제로 물품을 받지 못한 경우, 해당 기준에 따라 배상을 청구할 수 있습니다.",0.8143247360665704,0.6666666666666666
소비자가 택배를 수령했는데 외관은 멀쩡하지만 내부 제품이 파손되어 있었습니다. 환급 기준에 부합하나요?,"소비자가 택배를 수령했을 때 외관은 멀쩡하지만 내부 제품이 파손된 경우, 이는 '훼손된 때'에 해당합니다. 이 경우 수선이 가능한 경우에는 무상수리 또는 수리비 보상이 이루어질 수 있으며, 수선이 불가능한 경우에는 멸실된 때의 보상 기준이 적용됩니다.

따라서, 소비자는 제품의 내부 파손에 대해 수리비를 청구하거나, 수선이 불가능한 경우에는 해당 제품의 가액에 따라 보상을 받을 수 있습니다. 환급 기준에 부합하는지 여부는 구체적인 상황에 따라 다를 수 있으므로, 추가적인 정보가 필요할 수 있습니다.",0.0,0.7142857142857143
소비자가 패키지여행을 결제했는데 항공편이 24시간 이상 지연되어 전체 일정이 축소되었습니다. 손해배상 책임이 인정되나요?,"소비자가 패키지여행을 결제했으나 항공편이 24시간 이상 지연되어 전체 일정이 축소된 경우, 손해배상 책임이 인정될 수 있습니다. 

「소비자기본법」에 따른 「소비자분쟁해결기준」에 따르면, 운송 불이행이 발생하여 4시간을 초과하는 경우에는 소비자가 손해배상을 청구할 수 있는 근거가 마련되어 있습니다. 따라서, 항공편의 지연이 24시간 이상 지속되었다면, 소비자는 여행사에 대해 손해배상을 요구할 수 있습니다.

이와 관련하여, 여행사가 항공편 지연에 대해 과실이 없다고 주장할 경우에도, 소비자는 여행 계약의 이행이 불가능해진 상황에 대해 손해배상을 요구할 수 있는 권리가 있습니다. 따라서, 소비자는 여행사에 대해 계약 불이행에 따른 손해배상을 청구할 수 있습니다.",0.8569912196549195,0.6
소비자가 학원 수강을 결제했는데 학원이 개강 후 커리큘럼을 대폭 축소·변경했습니다. 계약해지 가능한가요?,"소비자가 학원 수강을 결제한 후 학원이 커리큘럼을 대폭 축소·변경한 경우, 이는 소비자가 계약해지를 요구할 수 있는 사유에 해당합니다. 

학원 운영자는 수강생에게 제공할 교육 내용에 대해 계약 시 명시된 사항을 준수해야 하며, 커리큘럼의 대폭적인 변경은 소비자가 기대했던 교육의 질과 내용을 저하시킬 수 있습니다. 따라서, 소비자는 이러한 사유를 근거로 계약해제를 요구할 수 있으며, 이 경우 수강료 전액 환급을 받을 수 있습니다.

또한, 소비자는 계약해제 요구를 지체 없이 해야 하며, 계약해제 후에는 환급 절차가 신속하게 이루어져야 합니다.",0.8268580964235367,0.8571428571428571
소비자가 항공권을 이용 중 지연으로 환승에 실패했는데 항공사가 대체편 제공을 하지 않았습니다. 손해배상 책임이 인정되나요?,"소비자가 항공권을 이용 중 지연으로 인해 환승에 실패하고 항공사가 대체편을 제공하지 않은 경우, 손해배상 책임이 인정될 수 있습니다. 

주어진 문서에 따르면, 항공사의 운송지연이 불가항력적 사유가 아닌 경우, 즉 항공사가 지연의 원인을 명확히 입증하지 못하거나 소비자에게 제공한 정보와 상충하는 경우에는 손해배상 책임이 인정될 가능성이 높습니다. 

특히, 소비자가 항공사에 대해 손해배상을 요구할 수 있는 근거는 「소비자기본법」에 따른 「소비자분쟁해결기준」에 명시된 바와 같이, 운송 불이행이 발생한 경우에 해당합니다. 만약 항공사가 대체편을 제공하지 않았고, 이로 인해 소비자가 손해를 입었다면, 항공사는 해당 손해에 대해 배상할 책임이 있을 것입니다. 

따라서, 소비자는 항공사에 손해배상을 요구할 수 있으며, 구체적인 손해의 범위와 내용에 따라 배상액이 결정될 수 있습니다.",0.8124293268104128,1.0
소비자가 해외 숙소를 예약했는데 여행사가 안내한 편의시설이 공사로 이용 불가였습니다. 손해배상 책임이 인정되나요?,"소비자가 해외 숙소를 예약했으나 여행사가 안내한 편의시설이 공사로 인해 이용 불가한 경우, 이는 여행사의 계약조건 위반으로 간주될 수 있습니다. 여행사는 소비자에게 제공한 정보가 사실과 다를 경우 손해배상 책임이 있을 수 있습니다.

여행사가 제공한 정보에 따라 소비자가 선택한 숙소의 편의시설이 이용 불가능한 상황은 여행계약의 이행에 있어 여행사의 고의 또는 과실로 인한 피해로 볼 수 있습니다. 이 경우, 소비자는 여행사가 제공한 서비스의 불이행으로 인해 입은 손해에 대해 배상을 청구할 수 있습니다.

따라서, 손해배상 책임이 인정될 가능성이 높습니다. 소비자는 여행사에 해당 사항을 통지하고 손해배상을 요청할 수 있습니다.",0.8341828279160044,1.0
소비자가 헬스장 12개월권을 결제했는데 사업자가 리모델링으로 2개월간 이용을 중단했습니다. 환불 가능한가요?,"소비자가 헬스장 12개월권을 결제했으나 사업자가 리모델링으로 인해 2개월간 이용을 중단한 경우, 소비자는 환불을 요청할 수 있습니다. 

체육시설업 관련 법령에 따르면, 시설고장이나 정원초과 등으로 인해 해당 시설물을 이용할 수 없는 경우에는 환급 또는 동급의 타 시설물로 이용 대체가 가능하다고 명시되어 있습니다. 리모델링으로 인한 이용 중단은 이러한 사유에 해당하므로, 소비자는 이용할 수 없는 기간에 대한 환급을 요구할 수 있습니다.

환급 금액은 계약 내용에 따라 다를 수 있으며, 이용료의 일부를 환급받을 수 있습니다. 구체적인 환급 금액은 계약서에 명시된 이용료와 이용 기간에 따라 계산되어야 합니다.",0.8304139519028318,0.3333333333333333
소비자가 호텔 조식 포함 상품을 예약했는데 현장에서 ‘불포함’으로 안내되어 추가 결제가 발생했습니다. 지불한 조식비용 환불 가능한가요?,"소비자가 호텔 조식 포함 상품을 예약했음에도 불구하고 현장에서 '불포함'으로 안내되어 추가 결제가 발생한 경우, 이는 소비자가 예약한 상품의 내용과 실제 제공된 서비스가 일치하지 않는 상황입니다. 

이 경우, 소비자는 계약의 내용에 대한 이행을 요구할 수 있으며, 만약 호텔 측에서 잘못된 정보로 인해 소비자에게 추가 비용을 청구한 경우, 소비자는 해당 조식 비용에 대한 환불을 요구할 수 있습니다. 

또한, 소비자가 거짓, 과장 또는 기만적인 표시·광고로 인해 피해를 입었다면, 계약금 환급이 가능하다는 규정도 있습니다. 따라서, 소비자는 호텔에 대해 조식 비용 환불을 요청할 수 있으며, 필요시 소비자 보호 기관에 상담을 요청할 수도 있습니다.",0.8423527405529914,0.2857142857142857
소비자가 화상 튜터링 20회권을 구매했는데 강사가 반복 지각·결석을 합니다. 계약해지 및 손해배상 가능한가요?,"소비자가 화상 튜터링 20회권을 구매한 후 강사가 반복적으로 지각하거나 결석하는 경우, 계약 해지 및 손해배상 가능성에 대해 다음과 같이 설명할 수 있습니다.

1. **계약 해지**: 소비자는 계약의 주요 내용인 강의 제공이 제대로 이루어지지 않는 경우, 즉 강사가 반복적으로 지각하거나 결석하는 경우 계약 해지를 요구할 수 있습니다. 이는 소비자 보호법 및 민법에 따라 정당한 사유로 계약을 해지할 수 있는 경우에 해당합니다.

2. **손해배상**: 강사의 지각이나 결석으로 인해 소비자가 입은 손해에 대해 손해배상을 청구할 수 있습니다. 이 경우, 소비자는 강사의 지각이나 결석으로 인해 발생한 직접적인 손해(예: 수업을 받지 못한 시간에 대한 금전적 손실 등)를 입증해야 합니다.

따라서, 소비자는 강사의 반복적인 지각 및 결석을 이유로 계약 해지와 손해배상을 요구할 수 있으며, 이를 위해 관련 증거(예: 수업 일정, 강사의 출석 기록 등)를 확보하는 것이 중요합니다.",0.8123018331556962,0.1428571428571428
소비자는 전자제품 직영점에서 데스크탑을 구매했다. 해당 데스크탑은 몇 년간 품질 보증을 받을 수 있는가?,"소비자가 구매한 데스크탑의 품질 보증 기간은 2년입니다. 이는 데스크탑의 주요 부품인 Main Board에 대한 품질 보증 기간으로, 정상적인 사용 상태에서 발생한 성능 및 기능상의 하자에 대해 무상 수리 또는 수리비 보상을 받을 수 있습니다.",0.8547639501424426,1.0
소음방지부스 설치로 인한 마룻바닥 훼손으로 인한 손해배상 청구 가능할까요?,"소음방지부스 설치로 인한 마룻바닥 훼손에 대한 손해배상 청구 가능성은 여러 요소에 따라 달라질 수 있습니다. 주어진 사례를 참고하면, 마룻바닥의 변색은 소음방지 매트의 시공으로 인해 발생한 것으로 판단되지만, 신청인에게도 일정 부분의 사용 상 과실이 있다고 평가되었습니다.

1. **피신청인의 책임**: 피신청인은 매트를 설치할 때 바닥에 손상을 주지 않는 재질로 매트를 제작해야 할 의무가 있습니다. 만약 매트의 하자나 시공 방법에 문제가 있었다면, 피신청인은 손해배상 책임이 있을 수 있습니다.

2. **신청인의 과실**: 신청인은 매트 사용 후 약 1년 6개월이 지나서 마룻바닥 손상을 발견하였고, 피신청인이 제공한 관리 방법에 따라 주기적으로 환기를 시켰다면 손상이 덜했을 것이라는 전문위원의 자문이 있었습니다. 이는 신청인에게도 일정 부분 과실이 있음을 시사합니다.

결론적으로, 손해배상 청구는 가능하지만, 피신청인의 책임 범위는 신청인의 과실에 따라 제한될 수 있습니다. 따라서 구체적인 상황에 따라 손해배상 청구의 결과는 달라질 수 있습니다.",0.0,1.0
수리를 의뢰한 현미경이 사업자가 취급과정에서 분실 하였다. 이 때 소비자가 받을 수 있는 조치는?,"사업자가 수리를 의뢰한 현미경을 취급하는 과정에서 분실한 경우, 소비자는 다음과 같은 조치를 취할 수 있습니다.

1. **제품교환**: 분실된 현미경과 동일한 제품으로 교환을 요청할 수 있습니다.
2. **구입가 환급**: 현미경의 구입가를 환급받을 수 있습니다.

이 경우, 사업자는 소비자가 의뢰한 제품을 안전하게 취급할 의무가 있으며, 분실에 대한 책임을 져야 합니다. 따라서 소비자는 위의 조치를 통해 피해를 보상받을 수 있습니다.",0.8089461977578537,0.0
수영장 회원권 개시 하루 전 수영장의 법정 수질관리기준 미달로 인해 소비자가 회원권 대금의 환급을 요구한다. 가능한가?,"수영장 회원권 개시 하루 전 수영장이 법정 수질관리기준을 미달한 경우, 소비자는 회원권 대금의 환급을 요구할 수 있습니다. 이는 제공된 용역이 계약 내용과 다르기 때문입니다. 

관련 법규에 따르면, 체육시설업의 경우 시설이용이 불가능한 사유가 발생하면 환급 또는 동급의 타 시설물로 이용 대체가 가능하다고 명시되어 있습니다. 수질관리기준 미달은 소비자가 안전하게 시설을 이용할 수 없음을 의미하므로, 소비자는 계약 해제를 요청하고 환급을 받을 수 있는 정당한 사유가 됩니다.

따라서, 소비자는 수영장 회원권 대금의 환급을 요구할 수 있습니다.",0.8341946338075066,0.5
수입 와인의 라벨 알코올 도수가 실제와 달라 건강상 문제가 발생했습니다. 허위표시로 인한 계약해제 및 손해배상 가능 여부는?,"수입 와인의 라벨에 표시된 알코올 도수가 실제와 다르다면, 이는 소비자에게 허위 또는 과장된 정보를 제공한 것으로 간주될 수 있습니다. 이 경우, 소비자는 '소비자보호법'에 따라 허위표시에 대한 손해배상을 청구할 수 있으며, 계약 해제도 가능할 수 있습니다.

1. **허위표시의 인정**: 알코올 도수가 실제와 다르다는 것은 소비자가 제품을 선택하는 데 있어 중요한 정보이므로, 이는 허위표시에 해당합니다. 소비자는 이러한 허위표시로 인해 손해를 입었다고 주장할 수 있습니다.

2. **계약해제**: 소비자는 계약 해제를 요구할 수 있습니다. 계약 해제는 소비자가 제품의 주요 특성이 허위로 표시되었음을 이유로 계약을 무효화할 수 있는 권리를 포함합니다.

3. **손해배상**: 소비자는 허위표시로 인해 발생한 손해에 대해 배상을 청구할 수 있습니다. 이 경우, 손해의 발생과 그 원인 사이의 인과관계를 입증해야 합니다.

따라서, 수입 와인의 라벨 알코올 도수가 실제와 다르다면, 소비자는 계약 해제 및 손해배상을 청구할 수 있는 가능성이 높습니다. 다만, 구체적인 상황에 따라 다를 수 있으므로, 추가적인 법률적 조언이 필요할 수 있습니다.",0.0,0.9166666666666666
숙박업 내 소비자 분쟁 시 성수기 유무에 따라 해결기준이 다른가?,"숙박업 내 소비자 분쟁의 경우, 성수기와 비성수기에 따라 해결 기준이 달라질 수 있습니다. 일반적으로 성수기에는 예약 취소나 변경에 대한 정책이 더 엄격할 수 있으며, 이에 따라 소비자의 권리와 의무도 달라질 수 있습니다. 

예를 들어, 성수기에는 예약 취소 시 환불이 제한되거나, 위약금이 부과될 수 있는 경우가 많습니다. 반면, 비성수기에는 보다 유연한 환불 정책이 적용될 수 있습니다. 

따라서 소비자는 예약 시 해당 숙박업체의 약관을 충분히 확인하고, 성수기와 비성수기에 따른 정책 차이를 이해하는 것이 중요합니다. 

구체적인 사례나 추가적인 법적 조언이 필요하다면, 관련 법률 문서를 참조하여 보다 정확한 정보를 제공할 수 있습니다.",0.0,0.0
스마트워치가 정상 사용 중 과열로 화상을 유발했습니다. 제조물 책임과 소비자 구제 기준은 무엇인가요?,"스마트워치가 정상 사용 중 과열로 화상을 유발한 경우, 제조물 책임과 소비자 구제 기준은 다음과 같이 설명할 수 있습니다.

1. **제조물 책임**: 제조물 책임은 제조자가 제품의 결함으로 인해 소비자에게 손해를 끼친 경우, 그 손해에 대해 책임을 지는 법적 원칙입니다. 이 경우, 스마트워치의 과열이 제품의 설계, 제조, 또는 경고 부족 등으로 인한 결함으로 판단될 수 있다면, 제조자는 소비자에게 손해배상 책임을 질 수 있습니다.

2. **소비자 구제 기준**: 소비자분쟁해결기준에 따르면, 제품의 하자가 발생했을 경우 소비자는 교환, 환급 등의 구제를 요구할 수 있습니다. 특히, 품질보증기간 내에 발생한 하자에 대해 정상적인 사용상태에서 성능·기능상의 하자가 발생한 경우, 수리가 불가할 경우에는 제품 교환 또는 구입가 환급이 가능합니다.

따라서, 스마트워치의 과열로 인한 화상 사건이 정상적인 사용 중 발생한 하자로 인정된다면, 소비자는 제조사에 교환이나 환급을 요구할 수 있으며, 제조물 책임에 따라 손해배상도 청구할 수 있습니다. 이 경우, 소비자는 제품의 결함을 입증해야 하며, 제조사는 제품이 결함이 없음을 입증해야 할 책임이 있습니다.",0.8362770323202983,0.5
스마트폰을 택배로 AS 보냈는데 분실되었습니다. 사업자의 배상 범위와 기준은 어떻게 정해지나요?,"스마트폰이 택배로 AS를 보내는 과정에서 분실된 경우, 사업자의 배상 범위와 기준은 다음과 같이 정해집니다.

1. **운송물의 가액 기준**: 운송 중 전부 또는 일부가 멸실된 경우, 사업자는 운송장에 기재된 운송물의 가액을 기준으로 손해액을 지급해야 합니다. 만약 소비자가 운송장에 운송물의 가액을 기재하지 않았다면, 전부 멸실된 경우에는 인도 예정일의 인도 예정장소에서의 운송물 가액을 기준으로 손해액을 산정하여 지급합니다.

2. **손해배상 한도**: 소비자가 운송장에 운송물의 가액을 기재하지 않은 경우, 손해배상 한도액은 50만원으로 정해져 있습니다. 그러나 운송물의 가액에 따라 할증요금을 지급하는 경우의 손해배상 한도액은 각 운송가액 구간별 운송물의 최고가액으로 정해집니다.

따라서, 스마트폰이 분실된 경우에는 위의 기준에 따라 사업자가 배상해야 할 금액이 결정됩니다.",0.8235807287727615,0.8333333333333334
"시중에서 판매되는 신선식품 섭취 후 식중독에 걸렸는데, 판매자에게 보상 받을 수 있어?","신선식품 섭취 후 식중독에 걸린 경우, 판매자에게 보상을 받을 수 있는 가능성이 있습니다. 소비자는 제품의 안전성과 품질에 대한 권리를 가지고 있으며, 식중독과 같은 부작용이 발생한 경우에는 다음과 같은 조치를 취할 수 있습니다.

1. **부작용 발생**: 식중독이 발생한 경우, 이는 제품의 안전성에 문제가 있었음을 나타낼 수 있습니다. 이 경우, 소비자는 제품 교환 또는 구입가 환급을 요구할 수 있습니다.

2. **치료비 및 경비 배상**: 식중독으로 인해 치료가 필요했다면, 치료비와 관련 경비, 그리고 일실소득에 대한 배상을 요구할 수 있습니다. 이때, 피해를 입증할 수 있는 자료(진료 기록 등)를 준비하는 것이 중요합니다.

3. **법적 근거**: 이러한 요구는 '소비자보호법' 및 '민법'에 근거하여 진행될 수 있으며, 특히 식품의 안전성에 관한 법령을 참조하여 판매자의 책임을 주장할 수 있습니다.

따라서, 신선식품 섭취 후 식중독에 걸린 경우, 판매자에게 보상을 요구할 수 있으며, 필요한 경우 법적 조치를 고려할 수 있습니다.",0.7793783718970451,1.0
식당에서 분실된 신발에 대해서 배상요구를 할 수 있나요?,"식당에서 분실된 신발에 대해 배상 요구를 할 수 있습니다. 해당 사례에 따르면, 식당은 고객으로부터 임치받은 물건에 대해 관리 책임이 있으며, 고객이 신발을 식당 내 신발장에 두었을 경우, 이는 식당의 관리 영역으로 간주됩니다. 

피신청인이 신발 분실에 대한 책임을 회피하기 위해 주의 문구를 표시하고 비닐봉지를 비치한 것만으로는 충분한 관리 조치로 인정되지 않았습니다. 따라서, 식당은 고객의 신발 분실에 대해 배상할 책임이 있습니다. 

다만, 신청인이 신발을 개방된 신발장에 두면서 분실 가능성을 예상할 수 있었고, 주의를 기울이지 않은 점도 고려되어 피신청인의 책임이 50%로 제한되었습니다. 따라서, 배상액의 절반인 32,700원을 지급하라는 결정이 내려졌습니다. 

결론적으로, 식당에서 분실된 신발에 대해 배상 요구를 할 수 있으며, 상황에 따라 배상액이 조정될 수 있습니다.",0.8069527310488062,1.0
신발 세탁 서비스 후 세탁업체의 확인된 귀책으로 갑피의 색상변형이 되었다. 소비자는 해당 세탁업체에게 무상으로 원상회복 서비스를 제공받을 수 있는가?,"신발 세탁 서비스 후 세탁업체의 귀책으로 갑피의 색상변형이 발생한 경우, 소비자는 해당 세탁업체에게 무상으로 원상회복 서비스를 제공받을 수 있는 권리가 있습니다. 

한국소비자원 신발제품심의위원회의 판단에 따르면, 세탁업체가 세탁 과정에서 발생한 손해에 대해 책임을 져야 하며, 소비자는 세탁업체의 과실로 인한 손해에 대해 배상을 요구할 수 있습니다. 이 경우, 세탁업체는 소비자의 요구에 따라 원상회복 서비스를 제공해야 할 의무가 있습니다.

따라서, 소비자는 세탁업체에 대해 무상으로 원상회복 서비스를 요청할 수 있으며, 세탁업체는 이를 수용해야 할 법적 책임이 있습니다.",0.8215675038346753,0.0
싱크대 구매 후 상판의 지속적인 균열로 인한 환불 가능한가요?,"주어진 사례에 따르면, 신청인은 2016년 6월 10일에 구입한 싱크대의 상판에 균열이 발생하여 여러 차례 A/S를 받았으나 문제가 해결되지 않았습니다. 이 경우, 소비자는 하자가 있는 제품에 대해 교환 또는 환급을 요구할 수 있습니다.

특히, 제품의 하자가 발생한 경우, 소비자는 다음과 같은 권리를 가집니다:

1. 제품 교환 또는 구입가 환급
2. 무상 수리 또는 부품 교환

신청인이 지속적인 하자로 인해 제품을 사용할 수 없다고 주장하고 있으며, 피신청인은 무상 수리 및 부분 교체를 제안했으나 신청인이 이를 거부한 상황입니다. 따라서, 신청인은 제품의 교환이나 환급을 요구할 수 있는 정당한 사유가 있습니다.

결론적으로, 상판의 지속적인 균열로 인해 환불이 가능하다고 판단됩니다. 소비자는 해당 제품의 하자에 대해 교환 또는 환급을 요구할 수 있습니다.",0.7779492400711074,1.0
약한 항공편 오버부킹으로 인하여 취소되었을 때 환불 및 보상기준이 어떻게 되나요?,"약한 항공편의 오버부킹으로 인해 항공편이 취소된 경우, 환불 및 보상 기준은 다음과 같습니다:

1. **환불**: 불이행된 해당 구간의 운임은 전액 환급됩니다.

2. **보상 기준**:
   - 대체편이 제공된 경우:
     - 운항시간이 4시간 이내인 경우: USD 200 배상
     - 운항시간이 2시간 이후 ~ 4시간 이내 대체편 제공 시: USD 400 배상
     - 운항시간이 4시간 초과 대체편 제공 시: USD 600 배상
   - 대체편을 제공하지 못한 경우:
     - 체재 필요 시 적정 숙식비 등 경비 부담
     - 불이행된 해당 구간 운임 환급 및 USD 600 배상

이와 같은 기준에 따라 보상이 이루어지며, 보상금액은 최고한도로 설정되어 있습니다.",0.8698916935429152,1.0
에스테틱(피부관리) 20회권 중 3회 이용 후 시술 부작용으로 중단을 원합니다. 잔여횟수 환급액 및 공제 기준은 어떻게 되나요?,"에스테틱(피부관리) 20회권 중 3회를 이용한 후 시술 부작용으로 중단을 원하시는 경우, 사업자의 책임하에 원상회복이 이루어져야 하며, 원상회복이 불가능한 경우에는 손해배상이 필요합니다.

잔여횟수 환급액 및 공제 기준은 다음과 같습니다:

1. **계약 해지**: 시술 부작용이 사업자의 책임으로 인정될 경우, 계약금 전액 환급 및 총 이용금액의 10%를 배상받을 수 있습니다.
2. **환급액 계산**: 해지일까지의 이용횟수에 해당하는 금액을 공제한 후 잔여횟수에 대한 금액을 환급받게 됩니다. 
   - 예를 들어, 전체 이용금액이 20회권의 총 금액이라고 가정할 때, 3회를 이용한 경우, 해지일까지의 이용횟수에 해당하는 금액을 공제한 후 잔여횟수에 대한 금액을 환급받습니다.

따라서, 구체적인 환급액은 계약 시 정한 총 금액과 이용한 횟수에 따라 달라질 수 있습니다.",0.0,0.8571428571428571
에어컨 설치 과정에서 실외기 시공 불량으로 발생한 누수에 대해 누수 공사비가 발생하였다. 이 누수 공사비를 에어컨 설치 업체로 부터 보상받을 수 있는가?,"에어컨 설치 과정에서 실외기 시공 불량으로 인해 발생한 누수에 대한 공사비를 에어컨 설치 업체로부터 보상받을 수 있는지 여부는 여러 요소에 따라 달라질 수 있습니다.

제시된 사례에 따르면, 에어컨 설치 과정에서 설치 기사가 신청인의 동의를 받고 샤시에 구멍을 뚫어 실외기 호스를 설치하였으나, 설치 과정에서의 과실이 인정되었습니다. 또한, 신청인도 설치 전 집주인과 상의하지 않고 설치 위치를 결정한 점에서 상당한 과실이 있다고 판단되었습니다. 이와 같은 경우, 피해의 인과관계가 명확히 입증되지 않는다면, 전체 공사비를 청구하는 것은 부당하다고 판단될 수 있습니다.

따라서, 누수 공사비에 대한 보상 여부는 다음과 같은 요소를 고려해야 합니다:
1. 설치 과정에서의 과실 여부: 설치 업체의 과실이 인정되면 보상 가능성이 높아집니다.
2. 피해의 인과관계: 누수와 실외기 설치 간의 인과관계가 명확히 입증되어야 합니다.
3. 신청인의 과실: 신청인에게도 과실이 인정될 경우, 보상액이 제한될 수 있습니다.

결론적으로, 누수 공사비를 보상받을 수 있는 가능성은 있지만, 구체적인 상황에 따라 다를 수 있으며, 피해의 입증과 과실의 정도에 따라 보상액이 조정될 수 있습니다.",0.0,1.0
여러 차례 수리에도 동일한 하자가 반복되는 손목시계 환불 가능한가요?,"여러 차례 수리에도 동일한 하자가 반복되는 손목시계에 대해 환불이 가능한지 여부는 다음과 같은 법적 기준에 따라 판단할 수 있습니다.

1. **민법**: 민법 제575조, 제580조, 제581조에 따르면, 매매의 목적물에 하자가 있는 경우, 계약의 목적을 달성할 수 없는 경우에 한하여 매수인은 계약을 해제할 수 있으며, 기타의 경우에는 손해배상만을 청구할 수 있습니다.

2. **소비자보호법 및 소비자분쟁해결기준**: 소비자기본법 제16조 제3항 및 소비자분쟁해결기준에 따르면, 품질보증기간 이내에 정상적인 사용상태에서 발생한 성능·기능상의 하자로 인해 수리가 불가할 경우에는 제품 교환 또는 구입가 환급이 가능합니다.

따라서, 여러 차례 수리에도 불구하고 동일한 하자가 반복된다면, 이는 소비자분쟁해결기준에 따라 구입대금 환급을 요구할 수 있는 사유가 될 수 있습니다. 이 경우, 판매자는 시계를 반환받은 즉시 동일한 새 제품으로 교환하거나 구입대금을 환급해야 할 의무가 있습니다. 

결론적으로, 여러 차례 수리에도 동일한 하자가 반복된다면 환불이 가능할 것으로 판단됩니다.",0.8354738564868606,1.0
여행 패키지 결제 후 항공편이 24시간 이상 지연되어 전체 일정이 축소되었습니다. 손해배상 또는 환불 기준은 어떻게 되나요?,"여행 패키지 결제 후 항공편이 24시간 이상 지연되어 전체 일정이 축소된 경우, 손해배상 또는 환불 기준은 다음과 같습니다.

1. **운항시간 4시간 초과**: 항공편이 24시간 이상 지연된 경우, 해당 항공사에서 제공하는 대체편이 없을 경우, 불이행된 해당 구간의 운임 환급과 함께 USD 600의 배상이 이루어질 수 있습니다.

2. **체재 필요 시 경비 부담**: 만약 체재가 필요하다면, 적정 숙식비 등의 경비도 부담해야 할 수 있습니다.

따라서, 항공편 지연으로 인해 여행 일정이 축소된 경우, 위의 기준에 따라 환급 및 배상을 요청할 수 있습니다. 추가적으로, 여행사와의 계약 조건에 따라 다를 수 있으므로, 계약서의 내용을 확인하는 것도 중요합니다.",0.8708700972417011,0.625
"연료 부족으로 정지된 차량을 견인 중 견인업체의 과실로 차량의 범퍼가 파손될 시, 차주는 해당 차량의 수리비를 견인업체에게 청구할 수 있는가?","네, 차주는 견인업체의 과실로 인해 차량의 범퍼가 파손된 경우, 해당 차량의 수리비를 견인업체에게 청구할 수 있습니다. 이는 견인업체가 고의 또는 과실로 차량을 손상시킨 경우에 해당하며, 손해액에 대한 배상 책임이 있습니다. 따라서 차주는 수리비를 청구할 수 있는 권리가 있습니다.",0.8238176043424413,1.0
온라인 강의 패키지(총 30강) 중 핵심 강의 10강이 예고 없이 삭제되었습니다. 계약해지 및 부분 환불 요구가 가능한가요?,"온라인 강의 패키지에서 핵심 강의 10강이 예고 없이 삭제된 경우, 계약 해지 및 부분 환불 요구가 가능할 수 있습니다. 

우선, 소비자는 계약의 주요 내용이 변경되었거나 제공된 서비스의 핵심 부분이 결여된 경우, 계약 해지를 요구할 수 있는 권리가 있습니다. 이 경우, 삭제된 강의가 전체 강의 패키지에서 중요한 부분을 차지하고 있다면, 소비자는 계약 해지를 주장할 수 있습니다.

또한, 부분 환불 요구에 대해서는 삭제된 강의의 비율에 따라 환급 금액을 산정할 수 있습니다. 만약 삭제된 강의가 전체 강의의 중요한 부분이라면, 그에 상응하는 금액을 환급받을 수 있는 근거가 될 수 있습니다.

따라서, 계약 해지 및 부분 환불 요구는 가능할 것으로 보이며, 구체적인 환불 금액은 삭제된 강의의 비율에 따라 결정될 것입니다. 이와 관련하여 소비자보호법 및 전자상거래법의 규정을 참고하여 추가적인 조치를 취하는 것이 좋습니다.",0.0,0.0
"온라인 다이어트 코칭 프로그램에 등록했으나, 제공된 식단이 건강에 맞지 않아 부작용이 발생했을 때 남은 금액 환불이 가능한가요?","온라인 다이어트 코칭 프로그램에 등록한 후 제공된 식단이 건강에 맞지 않아 부작용이 발생한 경우, 환불 가능성은 계약의 약관 및 소비자 보호 관련 법률에 따라 다릅니다.

제시된 사례에 따르면, 다이어트 프로그램의 환급 관련 약관은 총 가입 금액의 10%를 위약금으로 차감하고 환급한다고 명시되어 있습니다. 또한, 소비자가 이미 프로그램의 일부를 이용한 경우, 환급금은 실제 수강한 부분에 해당하는 금액을 뺀 나머지 금액으로 산정됩니다.

따라서, 부작용이 발생했더라도 이미 프로그램을 이용한 경우에는 환급이 어려울 수 있으며, 환급금은 약관에 따라 산정될 것입니다. 만약 부작용이 심각하고 사업자가 제공한 서비스가 소비자의 건강에 해를 끼쳤다면, 추가적인 법적 조치를 고려할 수 있습니다. 이 경우, 소비자보호법 및 민법에 따라 손해배상 청구를 검토할 수 있습니다.

결론적으로, 남은 금액 환불이 가능할지는 계약의 약관과 소비자가 실제로 이용한 서비스의 내용에 따라 달라질 수 있습니다.",0.0,0.75
온라인 동영상 강의에서 표시된 화질(4K)이 실제로 제공되지 않습니다. 표시광고와 다를 때 환불 또는 감액 기준은 무엇인가요?,"온라인 동영상 강의에서 표시된 화질(4K)이 실제로 제공되지 않는 경우, 이는 허위 또는 과장 광고에 해당할 수 있습니다. 이 경우, 소비자는 계약 해제 및 이용료 전액 환급을 요구할 수 있습니다.

구체적으로, 소비자는 제공된 서비스가 광고된 내용과 다를 경우, 소비자보호법 및 관련 규정에 따라 환불을 요청할 수 있는 권리가 있습니다. 만약 강의 서비스가 광고된 화질을 충족하지 못한다면, 이는 소비자가 기대한 서비스와의 불일치로 간주되어 환급 사유가 될 수 있습니다.

따라서, 소비자는 해당 강의 서비스에 대해 계약 해제를 요청하고, 전액 환급을 요구할 수 있습니다. 이와 관련된 구체적인 사례나 추가적인 법적 조언이 필요하다면, 관련 문서를 참조하여 더 자세한 정보를 제공할 수 있습니다.",0.8463627993068555,0.5
온라인 마켓에서 구매한 신선 샐러드에서 이물(플라스틱 조각)이 발견되었습니다. 전액 환불 외 추가 보상을 요구할 수 있나요?,"신선 샐러드에서 이물질(플라스틱 조각)이 발견된 경우, 이는 제품의 하자로 간주될 수 있습니다. 소비자보호법 제17조에 따르면, 재화의 내용이 표시·광고의 내용과 다르거나 하자가 있는 경우 소비자는 계약을 철회할 수 있으며, 이 경우 재화의 반환에 필요한 비용은 통신판매업자가 부담해야 합니다.

또한, 이물질로 인한 피해가 발생한 경우, 소비자는 추가적인 보상을 요구할 수 있습니다. 예를 들어, 이물질로 인해 건강에 해를 입거나 치료비가 발생한 경우, 해당 비용에 대한 배상을 요구할 수 있습니다. 

따라서, 전액 환불 외에도 추가 보상을 요구할 수 있으며, 구체적인 피해 상황에 따라 보상 범위가 달라질 수 있습니다. 이 경우, 관련 증빙 자료를 준비하여 판매자에게 요구하는 것이 좋습니다.",0.7561152439169591,0.8571428571428571
온라인 쇼핑몰에서 구입한 가죽 가방이 실제로는 합성피혁으로 확인되었을 때 교환이나 환불을 받을 수 있나요?,"온라인 쇼핑몰에서 구입한 가죽 가방이 실제로 합성피혁으로 확인된 경우, 소비자는 교환이나 환불을 요청할 수 있습니다. 이는 제품이 광고된 내용과 다르게 이행된 경우에 해당하기 때문입니다.

「전자상거래 등에서의 소비자보호에 관한 법률」 제17조 제1항 및 제3항에 따르면, 소비자는 제품을 공급받은 날로부터 7일 이내에 청약을 철회할 수 있으며, 제품이 계약 내용과 다르게 이행된 경우에는 그 사실을 알게 된 날로부터 30일 이내에 청약을 철회할 수 있습니다. 

따라서, 소비자는 가방이 합성피혁임을 확인한 후, 해당 법률에 따라 교환이나 환불을 요구할 수 있습니다. 이 경우, 판매자는 소비자가 요청한 교환이나 환불에 응해야 할 의무가 있습니다.",0.8144424640290341,0.3333333333333333
온라인 쇼핑몰에서 구입한 제품이 온라인 상의 제품 사진 색상과 약간 다르다는 이유로 환불 받을 때 환불에 발생한 배송료는 누가 부담하나요?,"온라인 쇼핑몰에서 구입한 제품이 온라인 상의 제품 사진 색상과 약간 다르다는 이유로 환불을 요청할 경우, 환불에 발생한 배송료는 통신판매업자가 부담해야 합니다. 이는 「해외구매(쇼핑몰형 구매대행) 표준약관」 제15조(반품) ③에 명시되어 있으며, 재화의 내용이 표시·광고 내용과 다르거나 계약 내용과 다르게 이행된 경우, 재화의 반품에 필요한 비용은 회사가 부담하도록 규정하고 있습니다. 따라서, 소비자는 배송료를 부담하지 않고 환불을 받을 수 있습니다.",0.8742519204244816,0.2
"온라인 스트리밍 서비스에서 약속된 특정 콘텐츠가 제공되지 않았을 경우, 구독료 환불을 요구할 수 있나요?","온라인 스트리밍 서비스에서 약속된 특정 콘텐츠가 제공되지 않았을 경우, 소비자는 계약 해제를 요구할 수 있으며, 이 경우 이용료 전액 환급이 가능합니다. 이는 허위 또는 과장 광고에 의한 이용계약에 해당하며, 소비자는 제공되지 않은 콘텐츠에 대해 환급을 요구할 수 있습니다. 따라서, 약속된 콘텐츠가 제공되지 않았다면 구독료 환불을 요구할 수 있습니다.",0.8688813130966205,1.0
"온라인 영어회화 수업을 6개월 결제했는데, 강사의 잦은 결석과 수업 품질 저하로 계약 해지를 요구할 경우 환불이 가능한가요?","온라인 영어회화 수업에서 강사의 잦은 결석과 수업 품질 저하가 발생한 경우, 이는 사업자의 부당행위로 간주될 수 있습니다. 이 경우, 수강자는 계약 해지를 요구할 수 있으며, 계약 해지 시 수강료 전액 환급이 가능합니다.

특히, 사업자가 허위 또는 과장 광고를 통해 수강 계약을 체결했거나, 정원을 초과한 수강생 모집 및 무자격 강사에 의한 교습이 이루어진 경우에는 계약 해제 및 수강료 전액 환급이 가능하다는 규정이 있습니다. 따라서 강사의 잦은 결석과 수업 품질 저하가 이러한 부당행위에 해당한다면, 환불을 요구할 수 있습니다.

환불 요청은 부당행위를 인지한 후 지체 없이 이루어져야 하며, 계약 해지 후 5일 이내에 환급이 이루어져야 합니다.",0.8461656346317045,0.625
온라인 학습지 구독 중 담당 교사가 사전 고지 없이 계속 교체되어 서비스 품질이 저하되었습니다. 계약해지·환불 기준은 무엇인가요?,"담당 교사가 사전 고지 없이 계속 교체되어 서비스 품질이 저하된 경우, 이는 사업자의 부당행위로 간주될 수 있습니다. 이 경우, 소비자는 계약해제를 요구할 수 있으며, 수강료 전액 환급을 받을 수 있습니다.

구체적으로, 소비자는 다음과 같은 기준에 따라 계약해지 및 환불을 요청할 수 있습니다:

1. **부당행위에 대한 계약해제**: 사업자가 허위 또는 과장 광고를 하였거나, 정원을 초과한 수강생을 모집하거나, 무자격 강사에 의한 교습을 진행한 경우, 소비자는 계약해제를 요구할 수 있습니다.

2. **환급 기준**: 계약해제 시 수강료는 전액 환급되어야 하며, 이는 소비자가 수강한 교습 내용과 관계없이 적용됩니다.

따라서, 담당 교사의 교체로 인해 서비스 품질이 저하되었다면, 소비자는 계약해제를 요구하고 수강료 전액 환급을 받을 수 있는 권리가 있습니다.",0.8399777596097207,0.8888888888888888
온라인으로 구매한 그림의 확인된 하자로 인한 대금 환급 가능한가요?,"온라인으로 구매한 그림에 확인된 하자가 있는 경우, 대금 환급이 가능합니다. 주어진 사례에서 신청인은 구매한 명화포스터에 눌린 부분과 검은 얼룩이 있는 하자가 확인되었고, 이에 따라 청약철회를 통해 제품을 반환하였습니다. 

소비자는 하자가 있는 제품에 대해 대금 환급을 요구할 수 있으며, 통신판매업자는 소비자의 요구를 수용해야 합니다. 만약 통신판매업자가 대금 환급을 지체할 경우, 지연손해금을 지급해야 할 의무가 있습니다. 따라서, 하자가 확인된 경우에는 대금 환급이 가능하다고 할 수 있습니다.",0.8385656341549835,0.8571428571428571
온라인으로 국가공인자격증 강좌를 신청하였다. 하지만 온라인 상 제공된 강사구성과 실제 강사 구성이 다르다. 이를 이유로 소비자는 계약을 해제할 수 있는가?,"온라인으로 국가공인자격증 강좌를 신청하였고, 제공된 강사구성과 실제 강사 구성이 다르다면, 이는 허위 또는 과장 광고에 해당할 수 있습니다. 이 경우, 소비자는 계약해제를 요구할 수 있습니다. 

민법 및 소비자보호법에 따르면, 사업자가 허위 또는 과장된 정보를 제공하여 계약을 체결한 경우, 소비자는 계약을 해제하고 수강료 전액을 환급받을 권리가 있습니다. 따라서, 소비자는 해당 사실을 인지한 후 지체 없이 계약해제를 요구할 수 있습니다. 

이와 관련된 구체적인 사례로는, 사업자가 허위 광고로 인해 수강계약을 체결한 경우, 소비자가 계약해제를 요구하고 수강료 전액 환급을 받을 수 있다는 점이 있습니다.",0.8230629927648802,0.5
요가수업 10회 등록 후 개인사정으로 인하여 3회만 참석하고 나머지에 대해서 환불 받고자 할 때 위약금을 제외한 후 남은금액에 대해서 환불 받을 수 있나요?,"요가 수업 10회를 등록한 후 3회만 참석하고 나머지 수업에 대해 환불을 요청하는 경우, 환불 가능 여부는 수업의 이용 약관 및 관련 법령에 따라 다릅니다.

일반적으로, 수업을 등록한 후 일부만 수강한 경우 환불 금액은 실제 수강한 수업에 해당하는 금액을 제외한 나머지 금액으로 산정됩니다. 즉, 수강한 3회의 수업료를 제외한 금액이 환불 대상이 됩니다. 또한, 위약금이 발생할 수 있으며, 이는 계약서나 이용 약관에 명시된 내용에 따라 다를 수 있습니다.

따라서, 환불을 요청할 때는 다음과 같은 사항을 고려해야 합니다:

1. **이용 약관 확인**: 수업 등록 시 동의한 이용 약관에서 환불 정책을 확인해야 합니다.
2. **수강한 수업료 계산**: 3회 수업에 대한 금액을 계산하고, 이를 제외한 나머지 금액이 환불 대상이 됩니다.
3. **위약금 적용 여부**: 위약금이 발생하는지 여부를 확인하고, 그에 따라 최종 환불 금액을 산정해야 합니다.

결론적으로, 위약금을 제외한 후 남은 금액에 대해서 환불 받을 수 있지만, 구체적인 환불 금액은 수업의 이용 약관 및 수강한 수업 수에 따라 달라질 수 있습니다.",0.0,0.5454545454545454
"웨딩촬영 예약 후 소비자의 귀책으로 인한 계약을 해지할 시, 소비자가 지급해야하는 위약금은?","웨딩촬영 예약 후 소비자의 귀책으로 인한 계약 해지 시, 소비자가 지급해야 하는 위약금은 계약 해지 통보 시점에 따라 달라집니다. 

1. 예식일 예정일로부터 150일 전까지 계약 해제 통보 시: 계약금 환급
2. 예식일 예정일로부터 60일 전까지 계약 해제 통보 시: 계약금 환급 및 총비용의 10% 배상
3. 예식일 예정일로부터 30일 전까지 계약 해제 통보 시: 계약금 환급 및 총비용의 20% 배상
4. 예식일 예정일로부터 29일 전 이후(29일~당일) 계약 해제 통보 시: 계약금 환급 및 총비용의 35% 배상

따라서, 소비자가 계약 해지를 원할 경우, 해지 통보를 하는 시점에 따라 위약금이 달라지므로, 해당 시점을 고려하여 위약금을 산정해야 합니다.",0.7927910117261433,1.0
유료 앱(정기결제)에서 핵심 기능이 업데이트로 제거되었습니다. 서비스 내용 중대한 변경 시 해지 및 환불 기준은 무엇인가요?,"유료 앱에서 핵심 기능이 업데이트로 제거된 경우, 이는 서비스 내용의 중대한 변경으로 간주될 수 있습니다. 이 경우 소비자는 계약 해지 및 환급을 요구할 수 있습니다. 

특히, 소비자는 다음과 같은 기준에 따라 환급을 요청할 수 있습니다:

1. **계약 해지**: 서비스 내용이 중대한 변경이 이루어진 경우, 소비자는 계약을 해지할 수 있습니다.
2. **환급**: 계약 해지 시, 소비자는 남은 기간에 대한 이용료를 환급받을 수 있습니다. 이는 월정액제와 같은 기간제 서비스에 해당합니다.

따라서, 핵심 기능이 제거된 경우 소비자는 해당 변경에 대해 불만을 제기하고 계약 해지를 요청하며, 이에 따른 환급을 요구할 수 있습니다.",0.8267787525242661,0.4285714285714285
유학수속대행업체의 귀책사유로 임의로 소비자와의 계약을 해지하려고 한다. 이 때 소비자는 유학대행업체에 지급한 대행료와 유학수속을 위해서 준비한 항공료 등과 같은 비용에 대해 손해배상 청구가 가능한가?,"유학수속대행업체의 귀책사유로 계약이 해지되는 경우, 소비자는 대행료 전액 환급을 받을 수 있으며, 손해배상 청구도 가능합니다. 

구체적으로, 사업자의 귀책사유로 인한 계약해제 시에는 소비자가 지급한 대행료를 전액 환급받을 수 있으며, 이와 함께 소비자가 입은 손해에 대해서도 배상 청구가 가능합니다. 따라서 유학수속을 위해 준비한 항공료와 같은 추가 비용에 대해서도 손해배상을 청구할 수 있습니다. 

이 경우, 손해배상 청구는 소비자가 입증해야 하며, 관련 증빙 자료를 준비하는 것이 중요합니다.",0.8270139647558796,0.5714285714285714
"유효기간이 없는 상품권을 구매했는데, 사용처에서 일방적인 약관변경으로 인한 기간 초과 사용불가 시, 상품권 표시 내용에 따른 이행요구가 가능한가요?","유효기간이 없는 상품권을 구매했음에도 불구하고 사용처에서 일방적으로 약관을 변경하여 사용이 불가능하게 된 경우, 상품권 표시 내용에 따른 이행 요구가 가능할 수 있습니다. 

상품권의 유효기간이 없다는 것은 소비자가 해당 상품권을 언제든지 사용할 수 있는 권리를 보장받는다는 의미입니다. 그러나 사용처가 약관을 변경하여 사용을 제한하는 것은 소비자의 권리를 침해하는 행위로 간주될 수 있습니다. 

이와 관련하여, 소비자는 상품권에 기재된 내용에 따라 이행을 요구할 수 있으며, 만약 사용처가 이를 거부할 경우, 소비자는 소비자보호법 및 관련 법률에 따라 분쟁 조정을 요청할 수 있습니다. 

따라서, 상품권의 유효기간이 없다는 점을 근거로 하여 사용처에 이행을 요구하는 것이 가능합니다.",0.8192153265513801,0.625
의류를 세탁 방법대로 세탁했음에도 불구하고 심각하게 수축된 경우 환불을 요구할 수 있나요?,"의류가 세탁 방법에 따라 세탁되었음에도 불구하고 심각하게 수축된 경우, 환불을 요구할 수 있는 가능성이 있습니다. 소비자분쟁 해결 기준에 따르면, 원단 불량으로 인한 세탁 후 변색, 탈색, 수축 등의 경우에는 무상수리, 교환, 환급의 순서로 보상이 이루어질 수 있습니다.

따라서, 해당 의류의 수축이 원단 불량으로 인한 것이라면, 환불을 요구할 수 있으며, 이 경우에는 구입 후 7일 이내에 제품에 손상이 없는 상태에서 교환 또는 환급을 요청할 수 있습니다. 환불을 요청할 때는 영수증을 제시해야 하며, 제품의 품질 보증 기간 내에 이루어져야 합니다. 

결론적으로, 의류의 수축이 원단 불량으로 판단될 경우 환불을 요구할 수 있습니다.",0.8185284700426255,0.8571428571428571
인터넷 통신 장애가 6시간 이상 발생하여 재택근무에 지장을 초래했습니다. 사업자의 요금 감면 및 손해배상 기준은 무엇인가요?,"인터넷 통신 장애가 6시간 이상 발생한 경우, 사업자는 다음과 같은 기준에 따라 요금 감면 및 손해배상을 해야 합니다.

1. **사전 고지 여부**: 
   - 만약 사업자가 서비스 중지 또는 장애에 대해 24시간 이전에 사전 고지를 하지 않았다면, 소비자는 요금 감면 및 손해배상을 청구할 수 있습니다.

2. **요금 감면 및 환급 기준**:
   - 서비스 중지 또는 장애가 3일 이상 연속해서 발생하거나, 1개월 동안의 누적 시간이 72시간을 초과한 경우, 소비자는 계약 해지 및 잔여기간에 대한 이용료 환급을 받을 수 있습니다.
   - 서비스 중지 또는 장애 시간의 3배를 무료로 연장받을 수 있으며, 초과된 시간만큼 이용기간을 무료로 연장받을 수 있습니다.

3. **손해배상**:
   - 서비스 중지 또는 장애로 인해 발생한 피해에 대해 사업자는 손해배상을 해야 할 수 있습니다. 이 경우, 소비자가 회사에 통지한 후부터 장애 시간을 계산하며, 불가항력(천재지변 등)이나 소비자 과실로 인한 경우는 제외됩니다.

따라서, 6시간 이상의 통신 장애가 사전 고지 없이 발생했다면, 사업자는 요금 감면 및 손해배상 의무가 있을 수 있습니다. 소비자는 이를 근거로 사업자에게 요구할 수 있습니다.",0.0,0.8
"자동차 운전 학원 등록 후 학원의 개인적인 사정으로 수강생에게 별도의 안내없이 임의로 수강시간을 변경하였다. 위와 같은 상황으로 운전 학원과 수강생 사이에 분쟁이 발생했다면, 적절한 분쟁해결기준은?","자동차 운전 학원에서 개인적인 사정으로 수강생에게 별도의 안내 없이 임의로 수강시간을 변경한 경우, 이는 학원의 귀책 사유로 간주될 수 있습니다. 이 경우, 수강생은 다음과 같은 분쟁해결 기준을 적용받을 수 있습니다.

1. **예약 위반에 따른 손해배상**: 학원이 사전 협의 없이 예약시간을 지키지 않은 경우, 수강생은 손해배상을 청구할 수 있습니다. 손해배상액은 해당 교육과정의 시간당 수강료에 지키지 않은 교육시간수를 곱한 금액이 됩니다.

2. **소비자 보호**: 소비자는 학원의 귀책 사유로 인해 발생한 불편에 대해 보상을 받을 권리가 있습니다. 따라서 수강생은 학원에 대해 손해배상을 요구할 수 있으며, 이는 교육시간의 변경으로 인해 발생한 직접적인 손해에 해당합니다.

이와 같은 상황에서는 학원과 수강생 간의 원활한 소통이 중요하며, 학원은 수강생에게 변경된 수강시간에 대한 충분한 안내를 제공해야 할 의무가 있습니다.",0.8589526097285186,0.5714285714285714
자동차 장기렌트 약정 해지 시 과다한 위약금이 부과됩니다. 합리적 공제와 감액 기준은 무엇인가요?,"자동차 장기렌트 약정 해지 시 과다한 위약금이 부과되는 경우, 합리적인 공제와 감액 기준은 다음과 같습니다.

1. **위약금의 고지**: 위약금은 계약서나 약관에 명시되어 있어야 하며, 소비자에게 사전에 고지되어야 합니다. 따라서, 계약서에 명시된 위약금의 금액과 조건을 확인해야 합니다.

2. **소비자 귀책사유에 따른 계약해지**: 소비자가 계약을 해지할 경우, 위약금이 발생할 수 있으며, 이 경우에는 계약서에 명시된 계산식에 따라 환급이 이루어집니다. 예를 들어, 소비자가 계약에 의한 재화 등의 공급을 받지 않은 경우, 이미 지급한 대금에서 공정위 고시에 의거하여 산출된 위약금을 뺀 금액이 환급됩니다.

3. **부가상품 반환**: 계약 해지 시 부가상품 등을 반환해야 하는 경우, 사업자가 고지한 가액의 85% 이상을 환급받을 수 있습니다. 단, 부가상품이 일부 소비되거나 훼손된 경우에는 그 부분만큼 감액될 수 있습니다.

4. **합리적인 감액 기준**: 위약금의 감액 기준은 계약의 성격, 소비자의 사용 기간, 사업자의 귀책사유 여부 등을 고려하여 합리적으로 설정되어야 합니다. 예를 들어, 소비자가 계약을 해지한 이유가 사업자의 귀책사유인 경우에는 위약금이 감액될 수 있습니다.

따라서, 위약금이 과다하다고 느껴진다면 계약서의 내용을 검토하고, 위약금의 산정 기준이 합리적인지 확인하는 것이 중요합니다. 필요시 소비자 보호 기관에 상담을 요청할 수 있습니다.",0.0,0.5714285714285714
"자동차 점검 및 타이어 교체를 위해서 자동차 정비업체를 방문 하였다. 하지만 점검 중 엔진이상을 발견하였고, 자동차 정비업체는 소비자에게 별도의 연락없이 임의로 자동차 엔진 수리도 함께 진행하였다. 이후 정비업체는 소비자에게 엔진 수리비도 함께 요청하였다. 이 때 소비자는 엔진 수리비를 정비업체에게 지급하여야 하는가?","소비자는 엔진 수리비를 정비업체에게 지급할 의무가 없습니다. 자동차 정비업체가 소비자의 사전 동의 없이 임의로 엔진 수리를 진행한 경우, 이는 소비자의 의사에 반한 정비로 간주됩니다. 

정비업체는 소비자에게 수리 내용을 사전에 고지하고 동의를 받아야 하며, 이를 위반한 경우에는 해당 금액 청구가 취소될 수 있습니다. 따라서 소비자는 엔진 수리비에 대한 지급을 거부할 수 있습니다. 

이와 관련된 법적 근거는 '자동차 정비업'에 대한 분쟁 해결 기준에 명시되어 있으며, 정비업체는 소비자가 동의하지 않은 수리에 대해 비용을 청구할 수 없습니다.",0.8205329853842626,0.7142857142857143
전기요금의 이중청구로 인하여 이중 납부 하였다. 이 때 받을 수 있는 조치는?,"전기요금의 이중청구로 인해 이중 납부한 경우, 소비자는 다음과 같은 조치를 취할 수 있습니다:

1. **환급 요청**: 이중 납부된 금액에 대해 환급을 요청할 수 있습니다. 전기요금의 이중청구는 사업자의 귀책사유로 간주되므로, 소비자는 차액을 환급받을 권리가 있습니다.

2. **차액 차감 정산**: 만약 향후 전기요금 납부 시 이중 납부된 금액이 차감될 수 있도록 요청할 수 있습니다.

이와 같은 조치는 소비자보호법 및 전자상거래법에 근거하여 이루어질 수 있으며, 소비자는 관련 증빙자료를 준비하여 사업자에게 요청하는 것이 좋습니다.",0.8416756398696276,0.5714285714285714
전자제품 구매 후 보증기간 내 동일 하자가 3회 이상 반복되는 경우 교환 또는 환불을 요청할 수 있나요?,"네, 전자제품 구매 후 보증기간 내에 동일한 하자가 3회 이상 반복되는 경우, 소비자는 교환 또는 환불을 요청할 수 있습니다. 구체적으로, 품질보증기간 이내에 동일한 하자로 총 2회까지 수리하였으나 하자가 재발하는 경우(3회째)에는 수리가 불가능한 것으로 간주되며, 이 경우에는 제품 교환 또는 구입가 환급이 가능합니다. 따라서, 해당 조건을 충족한다면 교환 또는 환불을 요청할 수 있습니다.",0.8561210569294069,0.25
전화요금 납부고지서의 미도달로 인한 연체료가 발생했다. 연체료를 납부해야하는가?,"전화요금 납부고지서의 미도달로 인해 연체료가 발생한 경우, 소비자는 연체료를 납부해야 할 의무가 있습니다. 일반적으로 소비자는 서비스 제공자가 정해진 기한 내에 요금을 납부할 수 있도록 고지할 의무가 있지만, 고지서가 미도달된 경우에도 소비자는 요금 납부 의무를 면제받지 않습니다. 

따라서, 연체료가 발생한 경우에는 해당 연체료를 납부해야 하며, 만약 이의가 있을 경우에는 서비스 제공자와의 분쟁 조정을 통해 해결할 수 있습니다. 

추가적으로, 연체료에 대한 구체적인 규정은 '상법' 제54조에 따라 연 6%의 비율로 지연손해금이 가산될 수 있습니다.",0.7946264323443814,0.5
점포 내 무빙워크 이용 중 시설관리 미흡으로 인한 미끄러짐 사고에 대해서 손해배상을 받을 수 있나요?,"점포 내 무빙워크 이용 중 시설관리 미흡으로 인한 미끄러짐 사고에 대해서는 손해배상을 받을 수 있는 가능성이 있습니다. 

사례 16에서와 같이, 대형할인점 운영자는 고객들이 안전하게 시설을 이용할 수 있도록 관리할 의무가 있습니다. 만약 무빙워크 주변에 주의사항을 충분히 알리지 않거나, 사고 발생 가능성을 고려하여 적절한 안전 조치를 취하지 않았다면, 운영자는 손해배상 책임을 질 수 있습니다.

특히, 사고 당시 무빙워크 표면이 물기에 젖어 있었고, 이에 대한 예방 조치를 취하지 않았다면, 이는 시설 관리의 미흡으로 간주될 수 있습니다. 따라서, 피해자는 손해배상을 청구할 수 있으며, 피신청인에게 손해배상 책임이 인정될 가능성이 높습니다. 

이와 같은 경우, 구체적인 사고 경위와 피해 정도에 따라 손해배상 금액이 결정될 수 있습니다.",0.0,1.0
정기 배송 커피 구독에서 지정 원두가 반복적으로 다른 품목으로 대체되었습니다. 반복 오배송 시 해지 및 환불 기준은 무엇인가요?,"정기 배송 커피 구독에서 지정 원두가 반복적으로 다른 품목으로 대체된 경우, 이는 소비자가 계약한 내용과 다르게 서비스가 제공된 것으로 볼 수 있습니다. 이 경우, 소비자는 계약 해지 및 환불을 요구할 수 있는 권리가 있습니다.

1. **계약 해지**: 소비자는 서비스 내용이 광고와 다르거나, 반복적으로 잘못된 품목이 배송된 경우 계약을 해지할 수 있습니다.

2. **환불 기준**: 계약 해지 시, 소비자는 총 이용금액에서 해지일까지의 이용횟수에 해당하는 금액을 공제한 후 환급받을 수 있으며, 이 경우 전체 이용요금의 10%를 배상받을 수 있습니다.

3. **반복 오배송**: 만약 오배송이 2회 이상 발생한 경우, 소비자는 계약 해지 및 환불을 요구할 수 있으며, 사업자는 소비자가 요구하는 환급을 이행해야 합니다.

따라서, 반복적인 오배송이 발생한 경우에는 계약 해지 및 환불을 요구할 수 있으며, 위의 기준에 따라 환급이 이루어질 것입니다.",0.844816410392928,0.7777777777777778
정기간행물 구독계약을 중도해지를 원하는 경우 해결 기준은 어떻게 되는가?,"정기간행물 구독계약을 중도해지하고자 하는 경우, 다음과 같은 기준에 따라 해결됩니다:

1. **사업자 사정으로 인한 중도해지**: 소비자는 미경과 계약기간의 구독료를 환급받을 수 있으며, 이때 구독료의 10%에 해당하는 금액을 추가로 배상받습니다.

2. **소비자 사정으로 인한 중도해지**: 소비자는 미경과 계약기간의 구독료에서 10% 금액을 공제한 후 환급받습니다.

3. **사은품 반환**: 중도해지 시 제공받은 사은품에 대한 책임이 소비자에게 있는 경우, 제품에 손상이 없는 경우와 훼손된 경우에 따라 반환 의무가 달라집니다. 사업자에게 책임이 있는 경우에는 사은품을 반환하거나 동종 상품으로 반환할 수 있으며, 해당 사은품의 가격에서 계약 유지 기간만큼 정액감가상각 후 나머지 금액을 배상받습니다.

이와 같은 기준에 따라 정기간행물 구독계약의 중도해지를 진행할 수 있습니다.",0.8314325694766307,0.875
"주방용품 세트 중 일부 제품에서 중금속이 검출된 경우, 전체 세트에 대한 환불이 가능한가요?","주방용품 세트 중 일부 제품에서 중금속이 검출된 경우, 이는 제품의 품질 및 안전성에 중대한 하자가 있는 것으로 판단될 수 있습니다. 소비자보호법에 따르면, 제품에 하자가 발생한 경우 소비자는 제품교환 또는 구입가 환급을 요구할 수 있습니다. 

특히, 중금속 검출은 소비자의 건강에 직접적인 영향을 미칠 수 있는 문제이므로, 전체 세트에 대한 환불이 가능할 것으로 보입니다. 이는 해당 제품이 소비자가 기대하는 품질과 안전성을 충족하지 못했기 때문입니다. 따라서, 소비자는 전체 세트에 대한 환급을 요구할 수 있습니다. 

이와 관련된 구체적인 사례나 추가적인 법적 조언이 필요하다면, 관련 문서를 참조하여 더 자세한 정보를 제공할 수 있습니다.",0.0,0.5714285714285714
중고거래 플랫폼에서 가품 의심 명품을 구매했는데 플랫폼이 정품 인증 문구로 유도했습니다. 플랫폼 책임 및 환불 범위는 어디까지인가요?,"중고거래 플랫폼에서 가품 의심 명품을 구매한 경우, 플랫폼의 책임은 다음과 같은 법적 기준에 따라 판단될 수 있습니다.

1. **전자상거래법 제20조**에 따르면, 통신판매중개자는 자신이 통신판매의 당사자가 아니라는 사실을 소비자가 쉽게 알 수 있도록 고지해야 합니다. 만약 플랫폼이 정품 인증 문구로 소비자를 유도했다면, 이는 소비자에게 잘못된 정보를 제공한 것으로 간주될 수 있습니다.

2. **환불 및 책임 범위**: 소비자는 제품이 계약 내용과 다르게 이행된 경우, 즉 가품으로 확인된 경우에는 전자상거래법 제17조에 따라 구매계약을 철회할 수 있습니다. 이 경우, 소비자는 제품을 공급받은 날로부터 7일 이내에 청약을 철회할 수 있으며, 제품이 계약 내용과 다르게 이행된 사실을 알게 된 날로부터 30일 이내에도 청약을 철회할 수 있습니다.

3. **손해배상**: 만약 플랫폼이 정품 인증을 통해 소비자를 오도한 경우, 소비자는 손해배상을 청구할 수 있습니다. 이때 손해배상액은 반환된 재화의 통상 사용료 또는 판매가액에서 반환 당시의 가액을 뺀 금액 중 큰 금액이 기준이 될 수 있습니다.

결론적으로, 중고거래 플랫폼이 정품 인증 문구로 소비자를 유도한 경우, 소비자는 환불을 요청할 수 있으며, 플랫폼은 소비자에게 잘못된 정보를 제공한 책임이 있을 수 있습니다. 소비자는 해당 플랫폼에 환불 요청을 하고, 필요시 손해배상 청구를 고려할 수 있습니다.",0.818123593716479,0.5454545454545454
"중고차판매 업체가 판매될 차량의 침수사고 사실을 고의로 숨기고, 소비자에게 차량을 판매하였다. 이때 소비자는 해당 업체로 부터 계약 해지 및 손해배상을 청구할 수 있는가?","소비자는 중고차판매 업체가 판매된 차량의 침수사고 사실을 고의로 숨긴 경우, 계약 해지 및 손해배상을 청구할 수 있습니다. 이는 중고자동차 매매업 관련 법령에 따라, 사고 또는 침수사실을 고지하지 않은 경우에는 구입가 환급 또는 손해배상이 가능하기 때문입니다. 

따라서 소비자는 해당 업체에 대해 계약 해지를 요구하고, 침수사고로 인한 손해에 대한 배상을 청구할 수 있습니다. 이 경우 손해배상 청구는 자동차관리법상 성능점검기록부 보관기간인 1년 이내에 이루어져야 합니다.",0.8408101591510526,0.8
차량 내 귀중품이 이용 중인 유료 주차장 내에서 도난당하였다. 이 때 차주는 해당 귀중품에 대하여 보상받을 수 있는가?,"차량 내 귀중품이 유료 주차장 내에서 도난당한 경우, 차주는 해당 귀중품에 대해 보상받을 수 있는지 여부는 주차장 관리자의 고의 또는 과실이 있는지에 따라 달라집니다. 

주차장업 관련 법령에 따르면, 관리자가 선량한 관리자의 주의의무를 태만히 하지 않았음을 증명한 경우를 제외하고는 손해배상 책임이 있습니다. 따라서, 차주가 귀중품의 종류와 가액을 명시하여 보관을 요청했으나 도난당한 경우, 관리자의 고의 또는 과실이 입증되면 보상을 받을 수 있습니다.

결론적으로, 차주는 귀중품의 도난에 대해 보상받을 수 있으나, 이는 주차장 관리자의 책임 여부에 따라 달라지므로, 구체적인 상황에 따라 판단해야 합니다.",0.0,1.0
차량 대여 예약 후 대여개시일 48시간 전에 취소통보를 했다. 이때 예약금을 전액 환불 받을 수 있는가?,"차량 대여 예약 후 대여개시일 48시간 전에 취소통보를 한 경우, 예약금 전액 환불 여부는 해당 렌터카 업체의 환불 규정에 따라 다릅니다. 

제시된 사례에 따르면, 피신청인의 이코노미 요금 환불규정은 결제 24시간 이내에 예약을 취소할 경우 수수료가 없고, 결제 24시간 이후에는 수수료 30%가 적용됩니다. 그러나 대여 24시간 이내에 예약을 취소할 경우에도 수수료 30%가 적용됩니다. 

따라서, 대여개시일 48시간 전에 취소를 통보한 경우, 결제 후 24시간 이내에 취소한 것이 아니라면, 수수료가 적용되지 않을 가능성이 높습니다. 하지만 이는 각 렌터카 업체의 약관에 따라 다를 수 있으므로, 해당 업체의 구체적인 환불 규정을 확인하는 것이 필요합니다. 

결론적으로, 대여개시일 48시간 전에 취소통보를 했다면 예약금을 전액 환불 받을 수 있을 가능성이 높지만, 정확한 사항은 해당 업체의 약관을 참조해야 합니다.",0.0,0.2857142857142857
천재지변으로 인한 항공기 결항 시 비행 목적지의 예약한 호텔에 비용 환불받을 수 있어?,"천재지변으로 인한 항공기 결항의 경우, 예약한 호텔의 비용 환불 여부는 여러 요인에 따라 달라질 수 있습니다. 일반적으로 천재지변으로 인해 여행이 불가능해진 경우, 소비자는 계약 해제를 요구할 수 있으며, 이 경우 계약금 환급이 가능할 수 있습니다.

특히, 여행사가 천재지변으로 인해 여행의 목적을 달성할 수 없는 사유로 계약을 취소하는 경우, 계약금 환급이 이루어질 수 있습니다. 그러나 호텔 예약의 경우, 해당 호텔의 환불 정책에 따라 다를 수 있으므로, 예약한 호텔의 약관을 확인해야 합니다.

따라서, 항공기 결항으로 인해 호텔 비용 환불을 원하신다면, 해당 호텔의 환불 정책을 확인하고, 필요시 여행사나 호텔 측에 직접 문의하여 상황을 설명하고 환불 요청을 하시는 것이 좋습니다.",0.0,0.375
청소기의 충전 기능의 초기하자로 인한 교환 및 환불 가능한가요?,"청소기의 충전 기능에 초기 하자가 발생한 경우, 구입 후 1개월 이내에 정상적인 사용 상태에서 발생한 성능·기능상의 하자로 중요한 수리를 요할 때는 제품 교환 또는 구입가 환급이 가능합니다. 또한, 품질보증기간 이내에 동일 하자에 대해 2회까지 수리를 하였으나 하자가 재발하는 경우에도 수리 불가능한 것으로 간주되어 교환 또는 환불이 가능합니다.

따라서, 청소기의 충전 기능에 초기 하자가 있다면 교환 또는 환불이 가능합니다.",0.8031405176036452,0.5
청소업체가 계약된 청소서비스 이행을 위해 소비자의 집을 방문하였다. 하지만 기재된 소비자의 주소와 실제 서비스가 필요한 장소의 주소가 달라서 서비스를 이행하지 못하였다. 이 때 청소업체는 소비자에게 미이행 된 서비스에 대해서 위약금을 제공해야하는가?,"청소업체가 소비자의 집을 방문하였으나, 기재된 주소와 실제 서비스가 필요한 장소의 주소가 달라서 서비스를 이행하지 못한 경우, 청소업체는 소비자에게 미이행된 서비스에 대해 위약금을 제공할 필요가 없습니다. 

이는 소비자가 제공한 주소가 잘못되었기 때문에, 청소업체의 고의 또는 과실이 아닌 소비자의 사정으로 인해 서비스가 이행되지 않은 것으로 간주됩니다. 따라서 청소업체는 계약 해제에 따른 위약금이나 손해배상을 요구할 수 있는 상황이 아닙니다. 

이와 관련된 규정은 청소대행서비스업의 분쟁 해결 기준에 명시되어 있습니다.",0.8403608697221056,0.1428571428571428
택배가 배송완료로 표시되었으나 실제 수령하지 못했습니다. 책임 소재 판단과 환불·재배송 기준은 무엇인가요?,"택배가 배송완료로 표시되었으나 실제로 수령하지 못한 경우, 책임 소재와 환불·재배송 기준은 다음과 같습니다.

1. **책임 소재 판단**:
   - 배송이 완료된 것으로 표시되었으나 소비자가 실제로 수령하지 못한 경우, 일반적으로는 택배 사업자가 배송을 완료한 것으로 간주됩니다. 그러나 소비자가 수령하지 못한 이유가 사업자의 귀책사유(예: 부재중 방문표 미투입, 잘못된 주소 기재 등)인 경우에는 사업자가 책임을 져야 합니다.

2. **환불 및 재배송 기준**:
   - 소비자가 수령하지 못한 경우, 사업자의 귀책사유로 인한 경우에는 운임 환급 및 손해배상이 이루어질 수 있습니다. 
   - 만약 소비자가 수령하지 못한 이유가 사업자의 귀책사유가 아닌 경우, 사업자는 배송 완료로 간주되므로 환불이나 재배송 의무가 없을 수 있습니다.

3. **추가 조치**:
   - 소비자는 택배 회사에 문의하여 상황을 설명하고, 필요한 경우 재배송 요청을 할 수 있습니다. 이때, 사업자가 부재중 방문표를 투입하고 후속조치를 취하지 않은 경우에는 사업자가 면책되지 않을 수 있습니다.

따라서, 구체적인 상황에 따라 다를 수 있으므로, 택배 회사와의 직접적인 소통이 필요합니다.",0.0,0.7
판매자로 부터 구매한 고등어가 구매 당시 부패가 되었다면 소비자는 어떤 조치를 받을 수 있는가?,"소비자가 판매자로부터 구매한 고등어가 부패된 경우, 소비자는 다음과 같은 조치를 취할 수 있습니다.

1. **청약철회**: 「전자상거래등에서의 소비자보호에 관한 법률」 제17조 제3항에 따르면, 소비자는 재화의 내용이 표시·광고의 내용과 다르거나 계약내용과 다르게 이행된 경우, 재화를 공급받은 날부터 3개월 이내 또는 그 사실을 안 날부터 30일 이내에 청약철회를 할 수 있습니다. 부패한 고등어는 계약 내용과 다르게 이행된 것으로 볼 수 있으므로, 소비자는 청약철회를 요청할 수 있습니다.

2. **환급 요청**: 청약철회를 한 경우, 소비자는 이미 지급한 대금의 환급을 요청할 수 있습니다. 「동법」 제18조 제10항에 따르면, 통신판매업자는 재화를 반환받은 날부터 3영업일 이내에 대금을 환급해야 합니다.

3. **손해배상 청구**: 부패한 고등어로 인해 소비자가 입은 손해에 대해 손해배상을 청구할 수 있습니다. 이 경우, 소비자는 손해의 발생 사실과 그 금액을 입증해야 할 수 있습니다.

4. **분쟁조정 신청**: 만약 판매자가 환급이나 손해배상에 응하지 않는 경우, 소비자는 소비자분쟁조정위원회에 분쟁조정을 신청할 수 있습니다.

이와 같은 조치를 통해 소비자는 부패한 고등어에 대한 적절한 보상을 받을 수 있습니다.",0.8048906806320449,0.6363636363636364
판매자로 부터 구매한 전통주의 병이 구매 당시 손상되어있었다. 소비자는 이 사실을 모른채 술병을 열다 손을 다쳤다. 이 때 소비자가 받을 수 있는 조치는?,"소비자가 구매한 전통주의 병이 손상되어 있었고, 이로 인해 손을 다쳤다면, 소비자는 다음과 같은 조치를 취할 수 있습니다.

1. **제품교환 또는 구입가 환급**: 제품이 손상된 상태로 판매되었으므로, 소비자는 해당 제품에 대해 교환이나 환급을 요청할 수 있습니다. 이는 제품의 하자가 발생한 경우에 해당합니다.

2. **손해배상 청구**: 소비자가 손상된 제품으로 인해 부상을 입었다면, 치료비, 경비 및 일실소득에 대한 손해배상을 청구할 수 있습니다. 이 경우, 부상으로 인한 피해가 입증되어야 하며, 손해배상 금액은 실제 발생한 비용을 기준으로 산정됩니다.

따라서 소비자는 제품의 교환 또는 환급을 요청하고, 부상으로 인한 손해배상도 청구할 수 있는 권리가 있습니다.",0.8513328535364574,0.6
패키지 여행 전 1주일 여행지의 지진으로 인한 전액 환불 가능한가요?,"패키지 여행 전 1주일에 여행지에서 지진이 발생한 경우, 전액 환불이 가능합니다. 위의 사례에서처럼 천재지변으로 인해 계약 해제를 요구할 수 있으며, 여행사로부터 위약금 안내를 받지 못한 경우에는 전액 환급이 인정됩니다. 따라서, 여행사에 계약 해제를 요구하고 전액 환급을 요청할 수 있습니다.",0.862095703735263,0.75
"학습지 방문 서비스에서 약정된 교사가 아닌 다른 교사가 지속적으로 파견되었을 때, 계약 해지를 통한 환불을 요구할 수 있나요?","학습지 방문 서비스에서 약정된 교사가 아닌 다른 교사가 지속적으로 파견된 경우, 이는 계약의 주요 조건이 위반된 것으로 볼 수 있습니다. 따라서 소비자는 계약 해지를 요구할 수 있으며, 이에 따른 환불도 요청할 수 있습니다.

이와 관련하여, 소비자는 계약 해지의 사유가 발생한 날로부터 5일 이내에 환급을 요구할 수 있으며, 환급 금액은 실제 수업이 진행된 시간에 따라 일할 계산하여 산정됩니다. 만약 계약 해지의 사유가 사업자의 부당행위에 해당한다면, 수강료 전액 환급이 가능할 수 있습니다.

따라서, 약정된 교사가 아닌 다른 교사가 지속적으로 파견된 경우, 계약 해지를 통해 환불을 요구하는 것이 적법하다고 할 수 있습니다.",0.8301523591907746,0.5714285714285714
항공권과 숙소를 묶은 다구간 자유여행 상품에서 숙소가 이중 예약으로 체크인 거부되었습니다. 여행사의 배상 및 대안 제공 기준은?,"다구간 자유여행 상품에서 숙소가 이중 예약으로 인해 체크인 거부된 경우, 여행사의 배상 및 대안 제공 기준은 다음과 같습니다.

1. **여행사의 귀책사유로 인한 경우**: 여행사가 이중 예약으로 인해 숙소 체크인을 거부한 경우, 여행자는 다음과 같은 배상을 받을 수 있습니다.
   - 계약금 환급
   - 여행요금의 10%에서 50%까지 배상 (상황에 따라 다름)

2. **대안 제공**: 여행사는 대체 숙소를 제공해야 하며, 만약 대체 숙소 제공이 불가능할 경우, 여행자는 전액 환급을 요청할 수 있습니다.

3. **여행계약의 이행에 있어 여행종사자의 고의 또는 과실로 손해가 발생한 경우**: 여행자가 입은 손해에 대해 배상받을 수 있으며, 신체 손상이 없을 경우 최대 여행 대금 범위 내에서 배상받을 수 있습니다.

이와 같은 기준은 여행사의 계약조건 위반으로 인한 피해에 해당하며, 여행자는 이러한 상황에 대해 적절한 보상을 받을 권리가 있습니다.",0.8358237490659534,0.5
"해외 구매 대행을 통해 구매한 물품이 사전에 고시된 날짜보다 지연되어서 도착하였는데, 이를 사유로 환불이 가능한가요?","해외 구매 대행을 통해 구매한 물품이 사전에 고시된 날짜보다 지연되어 도착한 경우, 환불이 가능합니다. 「전자상거래 등에서의 소비자보호에 관한 법률」 제17조 제1항 및 제3항에 따르면, 소비자는 제품을 공급받은 날로부터 7일 이내에 또는 계약 내용과 다르게 이행된 경우에는 그 사실을 알게 된 날로부터 30일 이내에 구매계약에 대한 청약을 철회할 수 있습니다.

따라서, 물품이 약속된 배송 기간 내에 도착하지 않았다면, 소비자는 청약 철회를 요청할 수 있으며, 이 경우 피신청인은 구입대금을 환급해야 할 책임이 있습니다. 다만, 피신청인이 해외 배송비용을 부담해야 한다고 주장할 경우, 해당 비용에 대한 규정이 계약서에 명시되어 있어야 하며, 소비자가 이를 수용하지 않을 경우 환급이 어려울 수 있습니다. 

결론적으로, 물품의 지연 배송은 환불 사유가 되며, 소비자는 청약 철회를 통해 환불을 요청할 수 있습니다.",0.8637919100205808,0.7777777777777778
해외 취업 알선업의 계약과 다른 근무조건으로 인한 알선비용 환급 요구가 가능한가요?,"해외 취업 알선업의 계약과 다른 근무조건으로 인한 알선비용 환급 요구는 가능할 수 있습니다. 그러나 이 경우에는 몇 가지 조건이 충족되어야 합니다.

1. **계약 내용의 불일치**: 신청인이 주장하는 바와 같이, 계약 당시 설명된 근무조건과 실제 근무조건이 다르다면, 이는 계약의 본질적인 요소에 해당할 수 있습니다. 예를 들어, 관리직으로 채용된다고 설명받았으나 실제로는 생산직에서 근무하게 되는 경우입니다.

2. **환불 약관의 유효성**: 피신청인이 주장하는 환불 불가 약관이 계약서에 명시되어 있고, 신청인이 이에 동의하였다는 점도 중요합니다. 그러나 이 약관이 별도의 양식으로 안내되었고, 신청인이 이에 서명하지 않았다면, 환불 약관의 유효성에 의문이 제기될 수 있습니다.

3. **계약 해제의 사유**: 민법 제680조에 따르면, 위임계약은 언제든지 해제할 수 있으며, 해제 사유가 신청인의 책임이 아닌 경우에는 이미 처리한 사무의 비율에 따라 보수를 청구할 수 있습니다. 그러나 신청인이 실제로 근무한 경험이 없고, 그에 대한 증거가 부족하다면, 계약 해제의 정당성을 입증하기 어려울 수 있습니다.

결론적으로, 신청인이 계약 당시 설명받은 근무조건과 실제 근무조건의 차이를 입증할 수 있다면, 알선비용 환급 요구가 가능할 수 있습니다. 하지만, 피신청인이 주장하는 환불 불가 약관의 유효성 및 신청인의 책임 여부에 따라 결과가 달라질 수 있습니다.",0.0,0.9285714285714286
"헬스장 연간 회원권을 구매했으나 시설 리모델링으로 2개월간 이용이 불가능했을 때, 이용하지 못한 기간에 대한 환불을 요구할 수 있나요?","헬스장 연간 회원권을 구매했으나 시설 리모델링으로 인해 2개월간 이용이 불가능한 경우, 환불을 요구할 수 있는지에 대한 판단은 다음과 같은 기준에 따라 이루어집니다.

1. **계약 내용 확인**: 계약서에 명시된 이용 기간과 조건을 확인해야 합니다. 만약 계약서에 이용 기간이 명시되어 있다면, 해당 기간 동안 이용할 수 없는 경우에 대한 규정이 있을 수 있습니다.

2. **시설 이용 불가 사유**: 시설 고장이나 리모델링 등으로 인해 이용할 수 없는 경우, 사업자는 환급 또는 동급의 타 시설물로 이용 대체를 해야 할 의무가 있습니다. 따라서, 리모델링으로 인해 이용이 불가능한 경우에는 환불을 요구할 수 있는 근거가 될 수 있습니다.

3. **환급 금액 산정**: 환급 금액은 이용료에서 이미 경과한 기간에 해당하는 금액을 차감한 후, 위약금을 포함하여 계산됩니다. 즉, 이용하지 못한 기간에 대한 금액을 환급받을 수 있습니다.

결론적으로, 헬스장 시설 리모델링으로 인해 2개월간 이용이 불가능했다면, 해당 기간에 대한 환불을 요구할 수 있습니다. 다만, 구체적인 환불 금액은 계약서의 내용과 이용료에 따라 달라질 수 있습니다.",0.0,0.7857142857142857
"호텔 예약 시 “전망 객실”을 보장받았으나, 실제 배정받은 객실은 전망이 없는 방이었을 때 요금 환급을 요구할 수 있나요?","호텔 예약 시 ""전망 객실""을 보장받았으나 실제로 전망이 없는 방이 배정된 경우, 이는 거짓, 과장 또는 기만적인 표시·광고에 해당할 수 있습니다. 이 경우, 소비자는 계약금 환급 및 요금의 배상을 요구할 수 있습니다.

구체적으로, 소비자는 다음과 같은 조치를 취할 수 있습니다:

1. **계약금 환급**: 소비자는 계약금의 전액 환급을 요구할 수 있습니다.
2. **배상 요구**: 요금의 10%, 20%, 또는 30% 배상을 요구할 수 있으며, 이는 상황에 따라 달라질 수 있습니다.

따라서, 호텔 측에 이 사실을 알리고 환급 및 배상을 요구하는 것이 적절합니다.",0.8391258438543933,0.8
화장품 유리용기의 불량으로 인하여 손가락을 다쳤다. 이 때 소비자는 구매자로부터 치료비를 받을 수 있는가?,"화장품 유리용기의 불량으로 인해 손가락을 다친 경우, 소비자는 치료비를 받을 수 있습니다. 해당 상황은 ""용기 불량으로 인한 피해사고""에 해당하며, 이 경우에는 치료비, 경비 및 일실소득 배상이 가능합니다. 따라서, 소비자는 구매자로부터 치료비를 청구할 수 있는 권리가 있습니다.",0.7858717536064033,0.75
환불 및 교환기간이 지난 상품에 대해서 상품 상 하자가 발견되었을 때 교환 및 환불이 가능한가요?,"환불 및 교환기간이 지난 상품에 대해 상 하자가 발견된 경우, 일반적으로 교환 및 환불이 어려울 수 있습니다. 그러나 다음과 같은 경우에는 예외가 있을 수 있습니다:

1. **품질보증기간 이내에 발생한 하자**: 만약 하자가 품질보증기간 이내에 발생한 경우, 소비자는 제품 교환 또는 구입가 환급을 요청할 수 있습니다.

2. **중요한 수리를 요할 때**: 교환된 제품이 1개월 이내에 중요한 수리를 요할 경우에도 교환이나 환급이 가능합니다.

3. **수리 불가능 시**: 하자가 발생했으나 수리가 불가능한 경우, 소비자는 제품 교환 또는 구입가 환급을 요청할 수 있습니다.

따라서, 환불 및 교환기간이 경과한 경우라도 품질보증기간 내에 발생한 하자라면 교환이나 환급이 가능할 수 있습니다. 구체적인 상황에 따라 다를 수 있으므로, 해당 제품의 품질보증 조건을 확인하는 것이 중요합니다.",0.0,0.5
